village_id,TRI,TRI_c,TRI_percentile_DIY,PAI,PAI_percentile_DIY
3402050003,1.8588203930903373,-0.802831806880504,47.6,-1.080924698,14.87
3402050002,1.956207869781457,-0.7054443301893842,52.86,-0.590153892,27.23
3402050001,1.8760460386080289,-0.7856061613628125,48.74,0.036610901,54.46
3402070001,1.879898663344188,-0.7817535366266533,49.66,0.8665896080871927,82.84
3402070002,1.8154021298857048,-0.8462500700851365,45.31,0.840707054,82.38
3402070005,1.2650069862424764,-1.396645213728365,5.49,0.4306237251222966,75.97
3402070004,1.675572529790624,-0.9860796701802172,35.7,0.6750742780827836,80.78
3402070003,1.942115225057042,-0.7195369749137994,52.17,1.395656688991537,88.33
3402130004,1.4032879419528166,-1.2583642580180248,17.62,1.2146440742797413,86.04
3402130001,1.3274486641957135,-1.3342035357751278,8.92,1.610682971769863,89.93
3402130006,1.3692247400840578,-1.2924274598867835,13.73,0.3908416126016006,74.37
3402130003,1.645322387044849,-1.0163298129259923,33.64,2.507893308287162,95.88
3402130008,1.3302064714399884,-1.331445728530853,9.84,2.4832305441585127,95.65
3402130007,1.3211752787607518,-1.3404769212100895,8.24,1.3177133550696047,87.41
3402130002,1.4769377121078069,-1.1847144878630345,22.2,0.045532646,55.38
3402130005,1.6112542747840872,-1.050397925186754,31.58,-0.12891056,45.77
3402100004,2.804608889068533,0.1429566890976916,67.96,-0.288757767,38.44
3402100006,3.778943002640657,1.1172908026698156,75.74,0.3039702848801162,70.02
3402100001,5.109595140400655,2.447942940429814,90.62,-1.220490528,12.59
3402100002,4.646918991368279,1.985266791397438,84.44,-0.683440695,24.71
3402100005,3.615349855,0.9536976550291584,74.14,-2.069135062,4.35
3402100003,4.749572930698736,2.087920730727895,86.04,-1.958839004,5.03
3402090002,4.640734312737728,1.979082112766887,84.21,-1.053457669,15.56
3402090008,4.668275947716476,2.006623747745635,84.9,-0.560976989,28.38
3402090006,1.4906224867700506,-1.1710297132007907,22.88,0.4328745969469207,76.43
3402090004,2.7256448284657178,0.0639926284948764,66.13,-1.740934235,5.95
3402090003,1.5574899594347733,-1.104162240536068,28.38,-0.177910849,43.71
3402090001,5.012448728668493,2.350796528697652,89.24,-1.028185264,16.7
3402090005,4.344987954450662,1.6833357544798209,81.92,-0.538823742,29.98
3402090007,1.6586605432700678,-1.0029916567007735,34.32,1.1009741998292557,84.67
3402080003,1.3499223845703467,-1.3117298154004946,11.9,0.753386313,81.46
3402080001,1.740560541306363,-0.9210916586644784,39.36,0.5167249989062589,78.72
3402080004,1.6770744770444994,-0.984577722926342,35.93,0.427914959,75.51
3402080002,1.6117301287458308,-1.0499220712250106,31.81,0.081069159,56.75
3402150003,1.8491908037067315,-0.8124613962641098,46.91,2.0659009658457554,92.68
3402150002,1.392194801840439,-1.2694573981304025,16.93,1.1867388592897106,85.58
3402150004,1.3613630238541337,-1.3002891761167077,13.5,1.2096723111178371,85.81
3402150001,2.2697630940611133,-0.391889105909728,60.64,0.359131176,72.54
3402030002,3.0071510721970767,0.3454988722262353,69.34,0.6790367455620768,81.01
3402030001,1.6214905803813284,-1.040161619589513,32.49,-0.026723862,50.8
3402030005,1.9865234864627723,-0.675128713508069,54.46,0.009582665,52.63
3402030004,2.008708047,-0.6529441529708415,55.38,-0.360381621,34.78
3402030003,2.085418894193121,-0.5762333057777203,56.75,0.394891056,74.83
3402160002,2.073140710282524,-0.5885114896883175,56.52,0.1736980127822907,63.62
3402160001,2.787857070768516,0.1262048707976748,67.73,-0.065280785,48.74
3402160003,2.271225914383009,-0.3904262855878322,60.87,0.6706480770794044,80.55
3402060004,1.6897688162888933,-0.971883383681948,36.61,0.3022852405402365,69.79
3402060002,1.8023577734212988,-0.8592944265495426,44.62,-0.54259181,29.75
3402060001,1.769335583645921,-0.8923166163249203,42.33,-0.003140022,51.95
3402060003,2.1480437972161623,-0.513608402754679,57.89,-0.788694529,21.51
3402120003,3.999113726067302,1.3374615260964609,76.66,0.1083068695564462,59.27
3402120002,4.128205527423937,1.4665533274530955,78.72,0.1662402180742418,62.93
3402120001,2.6788345904008213,0.0171823904299799,64.99,-0.341759139,35.47
3402110001,1.3701587542522045,-1.291493445718637,13.96,0.2562057329950736,67.96
3402110005,5.000793556231746,2.3391413562609045,89.02,-0.116919432,47.37
3402110002,1.6648880533725334,-0.996764146598308,34.55,0.3202671440005517,70.71
3402110003,2.7297213615641893,0.0680691615933479,66.59,0.180909114885174,64.53
3402110004,3.625646672259508,0.9639944722886667,74.6,-0.640796023,25.86
3402040003,1.9769776273266908,-0.6846745726441505,54.0,0.3637452325391413,73.0
3402040002,1.9492273584845223,-0.712424841486319,52.4,-0.300369641,37.99
3402040001,4.816083401,2.154431201029159,86.73,-0.490230976,31.12
3402020004,1.7516044168844087,-0.9100477830864326,40.27,0.089804358,56.98
3402020003,1.592333421353754,-1.0693187786170872,30.66,0.3671501508980379,73.23
3402020002,1.618456770628254,-1.0431954293425874,32.27,0.4423415009170413,77.12
3402020001,1.5298624943339318,-1.1317897056369095,25.17,-0.151053975,45.54
3402170002,2.3464791974684203,-0.3151730025024211,62.47,0.1221403003803896,59.95
3402170003,1.969243139191698,-0.6924090607791433,53.55,0.3324631212414198,70.94
3402170001,2.3196238659122166,-0.3420283340586247,61.56,0.1077874999562242,59.04
3402170004,1.9534896347749608,-0.7081625651958805,52.63,0.073942612,56.29
3402140004,1.2207654764616325,-1.4408867235092089,4.12,1.373587018503374,88.1
3402140001,1.737158934807001,-0.9244932651638404,38.9,-0.119809657,46.68
3402140002,1.3113777893350786,-1.3502744106357627,7.78,0.427771703,75.29
3402140003,1.3292328573340215,-1.3324193426368198,9.38,0.7607211101784939,81.69
3402010001,1.4874857849832277,-1.1741664149876136,22.65,0.2486308602111407,67.28
3402010002,1.838747999,-0.8229042009708414,46.22,-0.168310973,44.85
3403090006,1.7657692170377164,-0.895882982933125,41.88,0.5363992452618788,79.18
3403090008,1.4627869225608587,-1.1988652774099826,21.51,0.3859035445191719,74.14
3403090004,1.846738814,-0.8149133859708413,46.68,-0.312073599,37.07
3403090010,1.4411692470921094,-1.220482952878732,20.59,1.035848881200177,83.75
3403090003,1.5053516315351487,-1.1563005684356926,23.8,0.1807496039197946,64.3
3403090014,1.7520978584895266,-0.9095543414813148,40.5,-0.188110499,43.02
3403090007,1.602408290196493,-1.0592439097743485,30.89,0.5324078386542737,78.95
3403090013,1.7995980165220078,-0.8620541834488336,44.16,0.1051872205252794,58.35
3403090011,1.4979614980682605,-1.1636907019025808,23.57,1.2511231978894246,86.27
3403090002,2.436670806527258,-0.2249813934435831,63.62,0.4210258229163708,75.06
3403090012,1.3816655141941343,-1.279986685776707,15.33,-0.1193167,46.91
3403090005,1.7260668712892824,-0.935585328681559,38.44,-0.759031275,22.88
3403090009,1.4052804171714113,-1.25637178279943,17.85,-0.126146278,46.0
3403090001,2.804897835205708,0.1432456352348667,68.19,-1.587214054,7.32
3403130001,2.1856826855226617,-0.4759695144481797,58.81,-0.933897195,17.85
3403130007,4.880587099,2.218934899029159,88.1,-1.576621506,7.55
3403130002,1.9335086801643075,-0.7281435198065338,51.49,-3.210308207,0.92
3403130003,4.057895878638341,1.3962436786674997,77.57,-1.672286206,6.64
3403130006,5.382668375434218,2.7210161754633764,93.59,-3.003914545,1.14
3403130005,2.3155801848637534,-0.3460720151070879,61.33,-3.238056723,0.69
3403130004,3.4428123851875885,0.7811601852167471,72.08,-2.924363622,1.37
3403100012,2.750676012189974,0.0890238122191324,67.05,-1.147157995,13.73
3403100009,1.781358605166171,-0.8802935948046704,42.79,0.092395896,57.44
3403100001,3.778688256969169,1.1170360569983275,75.51,-1.035239491,16.25
3403100003,2.293385316720425,-0.3682668832504165,61.1,-2.218091379,3.43
3403100005,1.8426655548949828,-0.8189866450758585,46.45,-0.291276113,38.22
3403100011,2.3959978163161466,-0.2656543836546947,63.16,0.0399477728355399,54.92
3403100004,2.634054167929452,-0.0275980320413893,64.53,-0.787261762,21.97
3403100010,1.5291208241449503,-1.132531375825891,24.71,-0.018312259,51.72
3403100008,1.7423125546144222,-0.9193396453564192,39.59,-0.340464959,35.7
3403100013,3.4480293775707804,0.7863771775999391,72.31,-2.304968614,3.2
3403100006,1.9047607233284696,-0.7568914766423718,50.57,0.094336024,57.67
3403100007,1.7545732384169883,-0.907078961553853,40.73,0.1285829223203763,60.64
3403100002,1.7460443694708632,-0.9156078304999782,40.05,-0.473671492,31.81
3403110011,6.029504385768126,3.3678521857972847,95.88,0.022319917725502,53.55
3403110003,3.263504571703561,0.6018523717327198,70.48,0.102581180539584,58.12
3403110004,3.564407182500257,0.9027549825294154,73.46,-1.236171639,12.13
3403110010,5.127459628172073,2.465807428201231,90.85,0.2223799750187639,66.36
3403110005,5.023361746374888,2.3617095464040463,89.47,-1.625349284,6.86
3403110009,5.170769677659468,2.5091174776886267,92.22,0.2639227847337608,68.42
3403110008,2.9513320930162914,0.28967989304545,68.88,1.0048535588127043,83.52
3403110002,3.118382944969779,0.4567307449989375,70.02,-0.353561382,35.24
3403110006,4.428732871789958,1.7670806718191163,83.3,0.1007379537926277,57.89
3403110007,3.451996451250208,0.7903442512793668,72.54,0.046400517,55.61
3403110001,3.666788420072817,1.0051362201019756,75.06,0.1189327632058794,59.73
3403020005,2.089376737,-0.5722754629708415,57.21,0.1246011038417677,60.41
3403020007,1.882563019874752,-0.7790891800960893,49.89,-0.703152773,24.26
3403020002,2.774190809794946,0.1125386098241048,67.51,-0.302856514,37.76
3403020001,2.728664649847523,0.0670124498766817,66.36,-2.214230795,3.66
3403020003,2.341934248427704,-0.3197179515431374,62.24,-1.28319398,10.07
3403020006,1.6707555180121187,-0.9908966819587226,35.24,-0.283719864,39.59
3403020004,3.2821571571571573,0.6205049571863159,70.71,0.03116828,54.0
3403010006,4.155632611637348,1.4939804116665063,79.18,-0.286980778,39.13
3403010011,4.187604029917257,1.525951829946416,79.86,-2.08660943,4.12
3403010009,4.328525766630744,1.6668735666599024,81.46,-0.798104366,20.82
3403010008,3.718384959935708,1.0567327599648668,75.29,-0.807488395,20.37
3403010010,3.3400612026204444,0.678409002649603,71.17,-1.120925427,14.19
3403010007,4.362723954877239,1.701071754906398,82.15,-1.833214701,5.26
3403040005,4.428208754521005,1.766556554550164,83.07,-0.622744613,26.09
3403040006,4.898909313932627,2.237257113961786,88.33,-0.79357046,21.05
3403040008,4.319778189321291,1.65812598935045,81.24,-0.68844891,24.49
3403040007,4.924224859206584,2.2625726592357425,88.79,-1.080163157,15.1
3403040009,3.9432087687879993,1.281556568817158,76.2,-0.172636481,44.39
3403060001,2.100051596601375,-0.5616006033694663,57.44,-1.278672271,10.3
3403060005,1.6482708127656798,-1.0133813872051616,33.87,-0.172881777,44.16
3403060004,2.429742753204758,-0.2319094467660831,63.39,-0.917585164,18.08
3403060002,3.462018189096932,0.8003659891260906,72.77,-1.036103668,16.02
3403060003,4.206297676015407,1.544645476044566,80.09,-1.274230856,10.53
3403080002,1.613726087118184,-1.0479261128526574,32.04,-1.149394254,13.5
3403080003,1.5056663523084706,-1.1559858476623708,24.03,-0.569953154,27.92
3403080001,1.3239197344031794,-1.337732465567662,8.47,-0.482051083,31.58
3403080004,1.473296360434532,-1.1883558395363094,21.97,-0.65831567,25.4
3403080008,1.4144418534037135,-1.2472103465671278,18.76,-2.766930697,2.06
3403080007,2.3887295501022496,-0.2729226498685917,62.7,-1.110064278,14.42
3403080009,2.225916277386583,-0.4357359225842585,59.73,-1.076184064,15.33
3403080006,1.9009736126381576,-0.7606785873326838,50.11,-1.259001319,10.76
3403080005,1.432719784568534,-1.2289324154023074,20.14,-0.288313565,38.9
3403070003,5.237514984310545,2.575862784339704,92.91,-0.048207853,49.89
3403070006,1.541052629597277,-1.1205995703735645,26.77,-0.286755344,39.36
3403070004,4.869114829108427,2.2074626291375856,87.87,0.2362731462236618,66.82
3403070008,4.385879229802937,1.7242270298320954,82.84,-0.735696616,23.34
3403070005,3.630755728750333,0.9691035287794918,74.83,0.00371926,52.17
3403070010,4.833967777,2.1723155770291585,87.19,-0.176404417,43.94
3403070007,5.144693969551026,2.483041769580185,91.76,-1.239294466,11.9
3403070009,4.081906582702989,1.4202543827321477,77.8,-0.430060143,33.18
3403070011,4.010948713,1.349296513029159,76.89,-3.382940205,0.23
3403070001,4.688833446404342,2.0271812464335004,85.13,-0.064855497,48.97
3403070002,2.810677330066024,0.1490251300951826,68.42,-0.336600569,36.16
3403050010,4.768399597079688,2.106747397108847,86.27,0.1782663722601696,63.84
3403050012,4.474738013717361,1.81308581374652,83.52,-1.254306266,11.21
3403050007,5.240249632,2.578597432029159,93.14,-2.413835945,2.75
3403050011,4.748683641207694,2.0870314412368525,85.81,-0.79267481,21.28
3403050015,4.485052680924033,1.823400480953192,83.75,-0.817512067,19.68
3403050013,4.789029613,2.127377413029159,86.5,-0.877293868,18.76
3403050016,5.147472338386478,2.485820138415637,91.99,-0.326569516,36.84
3403050014,4.368337132639832,1.7066849326689906,82.38,0.2964116242045952,69.34
3403150008,1.7333989988894696,-0.9282532010813718,38.67,-0.452534044,32.27
3403150007,2.0650034621138604,-0.5966487378569809,56.29,0.2622806830414486,68.19
3403150010,3.4416112059835062,0.7799590060126649,71.85,-1.686010595,6.41
3403150001,2.393709902994723,-0.2679422969761185,62.93,-0.530038658,30.21
3403150005,5.446449032990412,2.7847968330195703,94.05,-1.984063894,4.81
3403150002,1.745785688411412,-0.9158665115594292,39.82,-0.229578094,41.88
3403150004,4.159683308509946,1.4980311085391045,79.41,0.2539578413311955,67.73
3403150006,3.592562661123784,0.9309104611529428,73.68,-0.241323803,40.96
3403150003,3.620689178656909,0.9590369786860676,74.37,-0.811783514,19.91
3403150009,1.8239160391509928,-0.8377361608198486,45.77,-0.327140522,36.61
3403140005,2.971951220620085,0.3102990206492437,69.11,-0.830241064,19.22
3403140002,2.721939975,0.0602877750291588,65.9,-0.599891558,27.0
3403140004,4.826249568928356,2.1645973689575144,86.96,-1.231672849,12.36
3403140003,3.6037279907131534,0.942075790742312,73.91,-1.452098108,8.92
3403140006,5.492001293,2.830349093029159,94.28,-0.024108209,51.26
3403140001,2.0892171950985543,-0.572435004872287,56.98,-1.294996591,9.84
3403120004,6.448885090701917,3.787232890731076,97.25,-1.571417345,7.78
3403120005,6.626896874743589,3.965244674772748,97.71,-0.275163528,40.05
3403120002,5.950778462536491,3.289126262565649,95.65,-0.724160086,23.8
3403120003,7.130071044388188,4.4684188444173465,98.4,-3.676695633,0.0
3403120001,4.259599681816691,1.5979474818458494,80.78,-0.232617701,41.65
3403120006,5.053204469661012,2.391552269690171,89.7,0.033808947,54.23
3403120007,5.134395174145214,2.472742974174373,91.08,-0.612905182,26.77
3403030002,5.134882684459591,2.47323048448875,91.3,-1.819985994,5.49
3403030007,3.1317288173079203,0.4700766173370789,70.25,-0.712418867,24.03
3403030004,3.538771668986461,0.8771194690156197,73.23,-0.829013812,19.45
3403030005,4.228957029267468,1.5673048292966263,80.32,-0.303004637,37.53
3403030001,4.180989271122771,1.5193370711519294,79.63,-1.481380084,8.7
3403030006,3.992691868593788,1.3310396686229469,76.43,-1.144800081,13.96
3403030003,4.578187650880156,1.9165354509093144,83.98,-0.517511703,30.66
3403051001,4.918255867819642,2.256603667848801,88.56,-0.521604199,30.43
3403051002,5.180061056,2.518408856029159,92.45,-1.439119251,9.15
3403051006,5.075298149556242,2.413645949585401,89.93,0.4319531320741298,76.2
3403051003,4.853836121440892,2.192183921470051,87.64,-0.982660008,17.16
3403051005,4.655136444134378,1.9934842441635363,84.67,-0.280553738,39.82
3403051007,6.166066529084779,3.504414329113938,96.57,-1.712026112,6.18
3403051008,5.648374041403512,2.986721841432671,94.97,-2.618420956,2.29
3403051004,5.585442390996316,2.9237901910254744,94.51,-3.375904469,0.46
3403041001,4.714777855808581,2.05312565583774,85.58,-0.179818733,43.48
3403041003,4.3751142491089565,1.7134620491381152,82.61,-0.047757565,50.11
3403041005,3.3448589814732856,0.6832067815024443,71.4,-0.555150964,28.83
3403041002,4.104215623636477,1.4425634236656353,78.03,-0.441484969,32.49
3403041004,4.241362647906151,1.5797104479353092,80.55,-0.438714258,32.95
3403011002,4.343320082,1.6816678820291586,81.69,-0.360632468,34.55
3403011003,5.209983902138329,2.5483317021674874,92.68,-2.821652103,1.83
3403011005,4.0390625432847065,1.3774103433138651,77.35,-0.250008603,40.5
3403011001,5.140851349323352,2.4791991493525107,91.53,-0.220488972,42.11
3403011004,4.286310026951269,1.6246578269804277,81.01,-2.430128238,2.52
3471140004,1.2954165972319671,-1.3662356027388742,6.86,1.4234522956090263,88.79
3471140001,1.4143588813427477,-1.2472933186280937,18.54,2.116882303008326,93.59
3471140003,1.2550759544984542,-1.4065762454723871,5.26,1.099354746864179,84.44
3471140002,1.419767014252092,-1.2418851857187494,19.22,0.0575859706503775,55.84
3471130001,1.4128495109241257,-1.2488026890467157,18.31,3.9152431202546256,99.54
3471130003,1.7876376376376375,-0.8740145623332038,43.25,2.299552914457588,94.97
3471130002,1.8792638945997808,-0.7823883053710605,49.43,3.8910316341712337,99.31
3471060005,1.8788705869419549,-0.7827816130288865,49.2,3.444652697702948,98.4
3471060003,1.3876074472207536,-1.2740447527500878,16.25,2.251896197827311,94.51
3471060004,1.7599325602423006,-0.9017196397285407,41.19,5.394536371836145,100.0
3471060001,1.1841821714100509,-1.4774700285607905,2.52,2.876715390159552,97.03
3471060002,1.341427171,-1.3202250289708413,10.98,2.509772731709477,96.11
3471070001,2.0361857921842943,-0.625466407786547,56.06,5.068251799858965,99.77
3471070002,1.767723444278742,-0.8939287556920994,42.11,2.103180578,93.36
3471070003,1.0708168498809691,-1.5908353500898722,0.92,2.680467907743529,96.57
3471120001,1.5498087701191472,-1.1118434298516942,27.69,3.4147455493503696,98.17
3471120002,1.3609743985262783,-1.300677801444563,13.27,3.6544589305732416,98.86
3471100001,1.4292388091216215,-1.23241339084922,19.91,1.6362058938166255,90.16
3471100002,1.2384101876435132,-1.4232420123273282,4.58,2.1259482404174905,93.82
3471110002,1.216267743069258,-1.4453844569015837,3.89,1.9038067070033136,91.53
3471110003,1.343634605203195,-1.3180175947676462,11.44,1.3045551376382227,86.96
3471110001,1.055096312289641,-1.6065558876812005,0.46,3.2288587964143227,97.94
3471010002,1.0740880459366904,-1.587564154034151,1.14,1.5683872320444747,89.47
3471010003,1.1039117558877527,-1.5577404440830886,1.6,2.582686594393772,96.34
3471010001,1.196266260549896,-1.4653859394209454,2.97,1.4009553021237244,88.56
3471020002,1.0278450432014552,-1.633807156769386,0.23,0.7887507284679613,81.92
3471020001,1.0658604964114833,-1.595791703559358,0.69,1.7624948301891443,90.62
3471020003,0.980039818,-1.6816123819708415,0.0,2.960054495116178,97.25
3471090001,1.532120689478432,-1.1295315104924093,25.4,3.136635053152175,97.71
3471090002,1.701669821819357,-0.9599823781514842,37.07,3.78854597,99.08
3471080001,1.4212778097790848,-1.2403743901917563,19.45,2.085873859,92.91
3471080002,1.1328270705022554,-1.528825129468586,2.06,2.444876019,95.42
3471030003,1.343579106889592,-1.3180730930812494,11.21,1.436029253455395,89.02
3471030002,1.110803701204319,-1.5508484987665223,1.83,2.090027568972343,93.14
3471030001,1.3550307122328795,-1.3066214877379618,12.36,2.425417092778764,95.19
3471040003,1.3113518310858563,-1.350300368884985,7.55,2.973243139828921,97.48
3471040005,1.0845508464800493,-1.577101353490792,1.37,1.7722630933327477,90.85
3471040007,1.3575511780766836,-1.3041010218941578,12.81,3.568916503,98.63
3471040006,1.5579746744169127,-1.1036775255539286,28.6,2.260067579851004,94.74
3471040004,1.2398451845586236,-1.4218070154122178,4.81,1.9292105136052635,91.99
3471040002,1.269680361784881,-1.3919718381859605,5.72,1.910205961323114,91.76
3471040001,1.248108686557499,-1.4135435134133425,5.03,2.71607072582856,96.8
3471050001,1.3537530544527132,-1.307899145518128,12.13,1.874613036404944,91.08
3471050002,1.145249322841574,-1.5164028771292672,2.29,1.5878080056555883,89.7
3471050003,1.5390896542965615,-1.1225625456742798,26.54,1.369613043189728,87.64
3401010003,1.3794891953332962,-1.2821630046375452,15.1,-0.122888464,46.22
3401010010,3.079915187554384,0.4182629875835428,69.79,-0.051600215,49.66
3401010012,1.671076227011988,-0.9905759729588532,35.47,0.4503801775682611,77.57
3401010015,1.5684593685607862,-1.0931928314100552,29.29,-0.77667724,22.65
3401010013,1.814737743793484,-0.8469144561773574,45.08,0.2140768304042978,65.9
3401010011,3.4095990160862097,0.7479468161153684,71.62,0.0432057038101459,55.15
3401010007,1.9108451704545453,-0.7508070295162961,50.8,0.4450823719100371,77.35
3401010006,1.9375039572642985,-0.7241482427065429,51.95,-1.258012217,10.98
3401010009,3.047738057353256,0.3860858573824148,69.57,-0.406952755,33.87
3401010002,1.5741184397436463,-1.087533760227195,29.75,-0.020173232,51.49
3401010005,1.5638298527479746,-1.0978223472228668,29.06,0.4742592820892652,78.03
3401010008,1.7883075197022766,-0.8733446802685647,43.48,0.3803426674809202,73.68
3401010004,1.3093926614478646,-1.3522595385229768,7.32,-0.166765084,45.08
3401010001,1.6663885367836984,-0.995263663187143,35.01,-2.368842117,2.97
3401010014,1.8541769176213487,-0.8074752823494926,47.14,-0.830862004,18.99
3401020001,1.5604013053009167,-1.1012508946699249,28.83,-0.288662073,38.67
3401020003,1.7194831814585343,-0.942169018512307,37.99,-0.879872913,18.54
3401020005,1.7816779880874287,-0.8799742118834126,43.02,0.3596443526216603,72.77
3401020004,1.8206147923979743,-0.841037407572867,45.54,-1.565365659,8.01
3401020002,1.6925970167718811,-0.9690551831989602,36.84,0.3367689389441692,71.17
3401020008,1.9276281084979827,-0.7340240914728586,51.26,1.2824075269970665,86.73
3401020006,1.7983911166633684,-0.863261083307473,43.94,0.1070132664864938,58.58
3401020007,2.183778588651923,-0.4778736113189183,58.58,-0.485715066,31.35
3401030009,1.7184613148945032,-0.9431908850763382,37.76,0.2767928030827335,68.65
3401030004,1.4526320152494143,-1.209020184721427,21.05,-1.545189084,8.24
3401030007,1.4059040828079534,-1.255748117162888,18.08,0.080185177,56.52
3401030002,1.5574486401384815,-1.1042035598323598,28.15,-0.440059808,32.72
3401030011,1.8599762540897309,-0.8016759458811105,47.83,-2.169106364,3.89
3401030006,1.8768705342103864,-0.7847816657604549,48.97,-2.011186058,4.58
3401030003,1.3369425730671107,-1.3247096269037306,10.53,-0.960809871,17.39
3401030010,1.7582308483423792,-0.9034213516284622,40.96,-1.782365726,5.72
3401030005,1.6284137245426522,-1.0332384754281891,32.95,-0.235078959,41.42
3401030001,1.3875715577746464,-1.274080642196195,16.02,-0.582502063,27.69
3401030008,1.8656226191080865,-0.7960295808627549,48.28,-0.802243396,20.59
3401040004,2.004684337162012,-0.6569678628088291,55.15,0.3852469211278319,73.91
3401040006,1.979796554230272,-0.6818556457405693,54.23,-1.031171986,16.48
3401040001,1.537243354369684,-1.1244088456011574,26.32,-0.550696095,29.52
3401040003,1.7247272052102376,-0.9369249947606038,38.22,0.3758912641362344,73.46
3401040007,1.6447896573453882,-1.0168625426254532,33.41,-0.58308071,27.46
3401040002,1.4248469704198474,-1.236805229550994,19.68,-0.788589741,21.74
3401040005,1.7649052351668926,-0.8967469648039488,41.65,0.7109051568705287,81.24
3401050004,2.1749221699031014,-0.4867300300677399,58.35,-1.041175889,15.79
3401050001,1.6832841829040834,-0.978368017066758,36.16,0.554796377,79.41
3401050006,1.8565792288809315,-0.8050729710899098,47.37,-0.239930613,41.19
3401050003,1.860542821467441,-0.8011093785034002,48.05,-0.414300707,33.41
3401050002,1.9023171479160992,-0.7593350520547422,50.34,-0.27116145,40.27
3401050005,2.0039609145200106,-0.6576912854508308,54.92,-1.325153637,9.61
3401060002,1.826682692307692,-0.8349695076631494,46.0,-2.862114253,1.6
3401060005,1.991500652811621,-0.6701515471592203,54.69,-0.810885381,20.14
3401060004,2.188856060953079,-0.4727961390177624,59.27,0.5825453,79.86
3401060007,2.198750194,-0.4629020059708413,59.5,0.1785976611666757,64.07
3401060003,2.032810200653054,-0.6288419993177872,55.84,-0.375618579,34.32
3401060008,2.260576919606116,-0.4010752803647253,60.41,-0.997257237,16.93
3401060006,2.739723062579676,0.0780708626088344,66.82,-1.095937623,14.65
3401060001,1.964544815,-0.6971073849708413,53.32,-0.413407196,33.64
3401070002,4.015525085242437,1.353872885271596,77.12,0.090637994,57.21
3401070001,1.760245417362006,-0.9014067826088354,41.42,0.5998319113209472,80.09
3401070005,2.240405899152237,-0.4212463008186042,60.18,0.8218469932629404,82.15
3401070003,2.325691524863395,-0.3359606751074464,61.78,-0.248346647,40.73
3401070006,3.492367210971722,0.8307150110008807,73.0,-0.080506343,48.51
3401070004,2.6945533488391527,0.0329011488683113,65.22,-0.195377479,42.79
3401070007,6.1037782400464415,3.4421260400756,96.34,-0.187363175,43.25
3401080004,7.274803035,4.613150835029158,98.86,0.2310155940462378,66.59
3401080001,4.837741675001606,2.1760894750307647,87.41,-1.202043626,12.81
3401080002,4.710348337181227,2.0486961372103853,85.35,-0.331340469,36.38
3401080005,7.101334007760951,4.439681807790109,98.17,0.1610554909433853,62.47
3401080003,6.207273781902552,3.545621581931711,96.8,-0.109999577,47.6
3401090003,6.219831603802896,3.5581794038320544,97.03,-0.358419488,35.01
3401090004,7.032332577983215,4.3706803780123735,97.94,-1.429587344,9.38
3401090002,6.097456341183664,3.4358041412128224,96.11,-0.753328691,23.11
3401090001,7.485313375656298,4.823661175685457,99.54,0.0127965778352975,52.86
3401100004,2.702779182,0.0411269820291586,65.68,0.4293334017076329,75.74
3401100006,2.021628634880216,-0.6400235650906252,55.61,-0.090321469,48.05
3401100003,2.7687647676555525,0.1071125676847111,67.28,0.3410096808619801,71.62
3401100005,1.9748265101765168,-0.6868256897943246,53.78,-0.199266727,42.56
3401100001,2.6473984117386045,-0.0142537882322368,64.76,-1.193308317,13.04
3401100002,2.551617879826936,-0.1100343201439053,64.3,-0.948163636,17.62
3401120007,6.552040675,3.8903884750291584,97.48,0.2877275454708197,68.88
3401120001,7.811454977224753,5.149802777253912,100.0,-1.18920673,13.27
3401120003,7.404313199120805,4.742660999149964,99.08,-0.503308148,30.89
3401120004,7.653803003483451,4.99215080351261,99.77,0.183695338693225,64.76
3401120006,7.211152525712293,4.549500325741452,98.63,-0.781333553,22.2
3401120002,5.627178069056273,2.965525869085432,94.74,-0.644082593,25.63
3401120005,7.463359703535621,4.80170750356478,99.31,-1.243867612,11.67
3401110001,3.808894912935888,1.1472427129650469,75.97,-0.667592662,25.17
3401110002,5.309375947151279,2.647723747180438,93.36,-0.16108507,45.31
3401110003,4.120158881375096,1.4585066814042542,78.49,-0.338501802,35.93
3401110004,5.754984137945918,3.0933319379750768,95.19,0.014894339,53.32
3404050002,1.7800338287844908,-0.8816183711863506,42.56,1.1075730838825977,84.9
3404050001,1.936141565727006,-0.7255106342438353,51.72,0.028629283859842,53.78
3404050005,1.3269878502974628,-1.3346643496733783,8.7,1.886126075120051,91.3
3404050003,1.457627460083675,-1.2040247398871664,21.28,2.236013689672649,94.28
3404050004,1.343739589167423,-1.3179126108034185,11.67,1.7545628948122196,90.39
3404040005,1.4872442661407903,-1.174407933830051,22.43,-0.08601869,48.28
3404040002,1.5433844016815486,-1.1182677982892928,27.23,0.2210628247997854,66.13
3404040007,1.390683451535327,-1.2709687484355143,16.7,0.3173798468326612,70.48
3404040003,1.5828733353547977,-1.0787788646160437,30.21,0.1964921181560802,65.22
3404040001,2.4945415794104164,-0.1671106205604249,64.07,-1.244892685,11.44
3404040004,1.5298165674122672,-1.131835632558574,24.94,-0.219101029,42.33
3404040006,1.4383568448241606,-1.2232953551466808,20.37,0.1850571588172729,64.99
3404010003,1.6060541546093428,-1.0555980453614986,31.12,0.1085317011753164,59.5
3404010004,2.1501581151048925,-0.5114940848659488,58.12,-0.472908192,32.04
3404010001,1.922128275585378,-0.7395239243854634,51.03,-0.617460105,26.54
3404010002,1.546012891131272,-1.1156393088395693,27.46,0.1723353120192644,63.39
3404020005,2.338391577225612,-0.3232606227452295,62.01,0.203992967845469,65.45
3404020002,1.683997446789394,-0.9776547531814476,36.38,0.3001620951927776,69.57
3404020001,1.8006948837375396,-0.8609573162333017,44.39,0.3380114350264662,71.4
3404020003,1.7026690559875233,-0.958983143983318,37.3,0.3524965386509636,72.31
3404020004,1.957061931151728,-0.7045902688191132,53.09,-0.554262864,29.06
3404030004,1.6327677098876934,-1.028884490083148,33.18,0.5636584551503965,79.63
3404030002,2.1267961512090707,-0.5348560487617706,57.67,-0.026345509,51.03
3404030003,1.5912973435034192,-1.070354856467422,30.43,-0.061064067,49.2
3404030001,1.5560841120785152,-1.1055680878923262,27.92,-0.914438773,18.31
3404030005,1.5769993296979432,-1.084652870272898,29.98,-0.565220684,28.15
3404060005,1.466681041987391,-1.1949711579834503,21.74,2.0331769567178166,92.22
3404060002,1.447537379592892,-1.2141148203779493,20.82,0.3926518021633984,74.6
3404060001,1.3320891620875384,-1.329563037883303,10.07,-0.678588562,24.94
3404060003,1.2058222156755467,-1.4558299842952946,3.66,0.2515850851646976,67.51
3404060004,1.329308691190401,-1.3323435087804405,9.61,1.2764203144586754,86.5
3404070001,1.5338061868234285,-1.1278460131474128,25.63,2.051092860317997,92.45
3404070003,1.377231756086227,-1.2844204438846143,14.65,2.141009191455521,94.05
3404070002,1.3565955699436405,-1.3050566300272008,12.59,1.316719287,87.19
3404080002,1.3291329712804172,-1.3325192286904242,9.15,0.073392614,56.06
3404080003,1.536945277622768,-1.1247069223480737,26.09,0.1595118916630194,62.24
3404080004,1.401786334501057,-1.2598658654697843,17.39,0.6643544762765073,80.32
3404080001,1.2896371967468996,-1.3720150032239418,6.41,0.1306194168161812,60.87
3404090001,2.6967203001850204,0.035068100214179,65.45,-0.118176583,47.14
3404090002,5.090721812296283,2.4290696123254416,90.16,0.3419285003460061,71.85
3404090006,2.226300951854735,-0.4353512481161061,59.95,1.116526842471112,85.35
3404090003,5.388967841688439,2.7273156417175977,93.82,-0.397785833,34.1
3404090005,1.5431293781161182,-1.1185228218547232,27.0,-0.120413393,46.45
3404090004,5.786677690382553,3.125025490411712,95.42,-0.30471229,37.3
3404100003,1.3587154929251826,-1.3029367070456588,13.04,1.0763356255034946,83.98
3404100002,1.3949115268061076,-1.2667406731647337,17.16,0.9617868075732828,83.3
3404100001,1.303077737020316,-1.3585744629505254,7.09,0.4381120837859414,76.66
3404100004,1.2706952701935093,-1.390956929777332,5.95,0.039840039,54.69
3404110005,1.3858818408824012,-1.2757703590884402,15.79,-0.17262271,44.62
3404110002,1.4194208956820242,-1.2422313042888171,18.99,1.08084798917486,84.21
3404110001,1.3402184881533177,-1.3214337118175237,10.76,0.8600909205627922,82.61
3404110003,1.205172839285518,-1.4564793606853232,3.43,0.2432091538660298,67.05
3404110004,1.2020030459657565,-1.4596491540050849,3.2,0.4409293900124515,76.89
3404120002,1.2227982594413458,-1.4388539405294956,4.35,0.9185167701825152,83.07
3404120004,1.2940129844195554,-1.367639215551286,6.64,0.2917442788761989,69.11
3404120006,1.3886691203523904,-1.272983079618451,16.48,0.168994653890469,63.16
3404120003,1.2778360292206383,-1.383816170750203,6.18,1.371897032071066,87.87
3404120005,1.3702115676908044,-1.291440632280037,14.19,-0.041355689,50.57
3404120001,1.1906936759232891,-1.4709585240475522,2.75,1.1143252979359484,85.13
3404130003,1.5212509616671126,-1.1404012383037287,24.49,1.4479564925726902,89.24
3404130002,1.3794095125804633,-1.282242687390378,14.87,0.4800438257286905,78.26
3404130005,1.4960303318069104,-1.165621868163931,23.34,0.1419045602359297,61.33
3404130001,1.3174497322852583,-1.344202467685583,8.01,0.3060578790437848,70.25
3404130004,1.3827883857717018,-1.2788638141991395,15.56,0.1239781306911288,60.18
3404140003,1.665758691921709,-0.9958935080491323,34.78,-0.726609637,23.57
3404140002,1.3335929240173725,-1.3280592759534688,10.3,0.009186191,52.4
3404140001,1.740461480040736,-0.9211907199301052,39.13,0.1530699845993544,62.01
3404140007,1.872840534596236,-0.7888116653746053,48.51,0.213399716476207,65.68
3404140006,1.6222848299098165,-1.0393673700610249,32.72,0.0133267756781111,53.09
3404140008,1.6509916162048313,-1.01066058376601,34.1,0.3450863494807296,72.08
3404140005,1.518921313799622,-1.142730886171219,24.26,-0.555728494,28.6
3404140004,1.4912069216841588,-1.1704452782866823,23.11,-0.776858819,22.43
3404150001,1.535220660420519,-1.1264315395503224,25.86,0.5140745387482422,78.49
3404150004,2.1873018298378875,-0.4743503701329539,59.04,-0.551046277,29.29
3404150002,1.6083602013624252,-1.0532919986084162,31.35,0.1423274508477007,61.56
3404150003,2.4488687626234147,-0.2127834373474266,63.84,-0.619023989,26.32
3404160002,1.8098336285089165,-0.8518185714619249,44.85,0.1394420700766538,61.1
3404160005,4.114275286503322,1.4526230865324803,78.26,-0.05888756,49.43
3404160003,1.5726683891801414,-1.0889838107907,29.52,-0.047502817,50.34
3404160004,1.7151223789467305,-0.9465298210241108,37.53,0.4660534806770677,77.8
3404160001,4.146849146089878,1.485196946119037,78.95,-1.593876336,7.09
3404170002,1.3705364111770215,-1.2911157887938198,14.42,0.151355153,61.78
3404170005,3.3178160194210795,0.6561638194502382,70.94,-0.09101726,47.83
3404170003,5.109035784155444,2.447383584184603,90.39,-1.542278975,8.47
3404170004,2.933949938937172,0.2722977389663308,68.65,0.1658254942636221,62.7
3404170001,1.7893940834264548,-0.8722581165443866,43.71,0.1077694562848927,58.81
