village_id,desa,kecamatan,kabupaten,urban_rural,urban_rural_code
3402050003,SUMBERMULYO,BAMBANG LIPURO,BANTUL,Perkotaan,1
3402050002,MULYODADI,BAMBANG LIPURO,BANTUL,Perkotaan,1
3402050001,SIDOMULYO,BAMBANG LIPURO,BANTUL,Perkotaan,1
3402070001,PALBAPANG,BANTUL,BANTUL,Perkotaan,1
3402070002,RINGIN HARJO,BANTUL,BANTUL,Perkotaan,1
3402070005,SABDODADI,BANTUL,BANTUL,Perkotaan,1
3402070004,TRIRENGGO,BANTUL,BANTUL,Perkotaan,1
3402070003,BANTUL,BANTUL,BANTUL,Perkotaan,1
3402130004,WIROKERTEN,BANGUNTAPAN,BANTUL,Perkotaan,1
3402130001,TAMANAN,BANGUNTAPAN,BANTUL,Perkotaan,1
3402130006,POTORONO,BANGUNTAPAN,BANTUL,Perkotaan,1
3402130003,SINGOSAREN,BANGUNTAPAN,BANTUL,Perkotaan,1
3402130008,BANGUNTAPAN,BANGUNTAPAN,BANTUL,Perkotaan,1
3402130007,BATURETNO,BANGUNTAPAN,BANTUL,Perkotaan,1
3402130002,JAGALAN,BANGUNTAPAN,BANTUL,Perkotaan,1
3402130005,JAMBIDAN,BANGUNTAPAN,BANTUL,Perkotaan,1
3402100004,TEMUWUH,DLINGO,BANTUL,Perkotaan,1
3402100006,TERONG,DLINGO,BANTUL,Perkotaan,1
3402100001,MANGUNAN,DLINGO,BANTUL,Perkotaan,1
3402100002,MUNTUK,DLINGO,BANTUL,Perkotaan,1
3402100005,JATIMULYO,DLINGO,BANTUL,Perdesaan,2
3402100003,DLINGO,DLINGO,BANTUL,Perkotaan,1
3402090002,SRIHARJO,IMOGIRI,BANTUL,Perkotaan,1
3402090008,WUKIRSARI,IMOGIRI,BANTUL,Perkotaan,1
3402090006,KARANGTALUN,IMOGIRI,BANTUL,Perkotaan,1
3402090004,KARANG TENGAH,IMOGIRI,BANTUL,Perkotaan,1
3402090003,KEBON AGUNG,IMOGIRI,BANTUL,Perkotaan,1
3402090001,SELOPAMIORO,IMOGIRI,BANTUL,Perdesaan,2
3402090005,GIRIREJO,IMOGIRI,BANTUL,Perkotaan,1
3402090007,IMOGIRI,IMOGIRI,BANTUL,Perkotaan,1
3402080003,SUMBER AGUNG,JETIS,BANTUL,Perkotaan,1
3402080001,PATALAN,JETIS,BANTUL,Perkotaan,1
3402080004,TRIMULYO,JETIS,BANTUL,Perkotaan,1
3402080002,CANDEN,JETIS,BANTUL,Perkotaan,1
3402150003,TAMANTIRTO,KASIHAN,BANTUL,Perkotaan,1
3402150002,TIRTONIRMOLO,KASIHAN,BANTUL,Perkotaan,1
3402150004,NGESTIHARJO,KASIHAN,BANTUL,Perkotaan,1
3402150001,BANGUNJIWO,KASIHAN,BANTUL,Perkotaan,1
3402030002,PARANGTRITIS,KRETEK,BANTUL,Perkotaan,1
3402030001,TIRTOHARGO,KRETEK,BANTUL,Perdesaan,2
3402030005,TIRTOMULYO,KRETEK,BANTUL,Perkotaan,1
3402030004,TIRTOSARI,KRETEK,BANTUL,Perkotaan,1
3402030003,DONOTIRTO,KRETEK,BANTUL,Perkotaan,1
3402160002,SENDANGSARI,PAJANGAN,BANTUL,Perkotaan,1
3402160001,TRIWIDADI,PAJANGAN,BANTUL,Perkotaan,1
3402160003,GUWOSARI,PAJANGAN,BANTUL,Perkotaan,1
3402060004,WIJIREJO,PANDAK,BANTUL,Perkotaan,1
3402060002,TRIHARJO,PANDAK,BANTUL,Perkotaan,1
3402060001,CATURHARJO,PANDAK,BANTUL,Perkotaan,1
3402060003,GILANGHARJO,PANDAK,BANTUL,Perkotaan,1
3402120003,SRIMARTANI,PIYUNGAN,BANTUL,Perkotaan,1
3402120002,SRIMULYO,PIYUNGAN,BANTUL,Perkotaan,1
3402120001,SITIMULYO,PIYUNGAN,BANTUL,Perkotaan,1
3402110001,WONOKROMO,PLERET,BANTUL,Perkotaan,1
3402110005,WONOLELO,PLERET,BANTUL,Perdesaan,2
3402110002,PLERET,PLERET,BANTUL,Perkotaan,1
3402110003,SEGOROYOSO,PLERET,BANTUL,Perkotaan,1
3402110004,BAWURAN,PLERET,BANTUL,Perkotaan,1
3402040003,SRIHARDONO,PUNDONG,BANTUL,Perkotaan,1
3402040002,PANJANGREJO,PUNDONG,BANTUL,Perkotaan,1
3402040001,SELOHARJO,PUNDONG,BANTUL,Perkotaan,1
3402020004,MURTIGADING,SANDEN,BANTUL,Perkotaan,1
3402020003,SRIGADING,SANDEN,BANTUL,Perkotaan,1
3402020002,GADINGHARJO,SANDEN,BANTUL,Perkotaan,1
3402020001,GADINGSARI,SANDEN,BANTUL,Perkotaan,1
3402170002,ARGOREJO,SEDAYU,BANTUL,Perkotaan,1
3402170003,ARGOSARI,SEDAYU,BANTUL,Perkotaan,1
3402170001,ARGODADI,SEDAYU,BANTUL,Perkotaan,1
3402170004,ARGOMULYO,SEDAYU,BANTUL,Perkotaan,1
3402140004,PANGGUNGHARJO,SEWON,BANTUL,Perkotaan,1
3402140001,PENDOWOHARJO,SEWON,BANTUL,Perkotaan,1
3402140002,TIMBULHARJO,SEWON,BANTUL,Perkotaan,1
3402140003,BANGUNHARJO,SEWON,BANTUL,Perkotaan,1
3402010001,PONCOSARI,SRANDAKAN,BANTUL,Perkotaan,1
3402010002,TRIMURTI,SRANDAKAN,BANTUL,Perkotaan,1
3403090006,SIRAMAN,WONOSARI,GUNUNGKIDUL,Perkotaan,1
3403090008,BALEHARJO,WONOSARI,GUNUNGKIDUL,Perkotaan,1
3403090004,WARENG,WONOSARI,GUNUNGKIDUL,Perkotaan,1
3403090010,WONOSARI,WONOSARI,GUNUNGKIDUL,Perkotaan,1
3403090003,DUWET,WONOSARI,GUNUNGKIDUL,Perkotaan,1
3403090014,GARI,WONOSARI,GUNUNGKIDUL,Perkotaan,1
3403090007,KARANGREJEK,WONOSARI,GUNUNGKIDUL,Perkotaan,1
3403090013,KARANGTENGAH,WONOSARI,GUNUNGKIDUL,Perkotaan,1
3403090011,KEPEK,WONOSARI,GUNUNGKIDUL,Perkotaan,1
3403090002,MULO,WONOSARI,GUNUNGKIDUL,Perkotaan,1
3403090012,PIYAMAN,WONOSARI,GUNUNGKIDUL,Perkotaan,1
3403090005,PULUTAN,WONOSARI,GUNUNGKIDUL,Perdesaan,2
3403090009,SELANG,WONOSARI,GUNUNGKIDUL,Perkotaan,1
3403090001,WUNUNG,WONOSARI,GUNUNGKIDUL,Perdesaan,2
3403130001,KEDUNGKERIS,NGLIPAR,GUNUNGKIDUL,Perdesaan,2
3403130007,NATAH,NGLIPAR,GUNUNGKIDUL,Perdesaan,2
3403130002,NGLIPAR,NGLIPAR,GUNUNGKIDUL,Perkotaan,1
3403130003,PENGKOL,NGLIPAR,GUNUNGKIDUL,Perdesaan,2
3403130006,PILANGREJO,NGLIPAR,GUNUNGKIDUL,Perdesaan,2
3403130005,KATONGAN,NGLIPAR,GUNUNGKIDUL,Perkotaan,1
3403130004,KEDUNGPOH,NGLIPAR,GUNUNGKIDUL,Perkotaan,1
3403100012,BANARAN,PLAYEN,GUNUNGKIDUL,Perkotaan,1
3403100009,BANDUNG,PLAYEN,GUNUNGKIDUL,Perkotaan,1
3403100001,BANYUSOCO,PLAYEN,GUNUNGKIDUL,Perdesaan,2
3403100003,BLEBERAN,PLAYEN,GUNUNGKIDUL,Perdesaan,2
3403100005,DENGOK,PLAYEN,GUNUNGKIDUL,Perdesaan,2
3403100011,GADING,PLAYEN,GUNUNGKIDUL,Perkotaan,1
3403100004,GETAS,PLAYEN,GUNUNGKIDUL,Perdesaan,2
3403100010,LOGANDENG,PLAYEN,GUNUNGKIDUL,Perkotaan,1
3403100008,NGAWU,PLAYEN,GUNUNGKIDUL,Perkotaan,1
3403100013,NGLERI,PLAYEN,GUNUNGKIDUL,Perdesaan,2
3403100006,NGUNUT,PLAYEN,GUNUNGKIDUL,Perkotaan,1
3403100007,PLAYEN,PLAYEN,GUNUNGKIDUL,Perkotaan,1
3403100002,PLEMBUTAN,PLAYEN,GUNUNGKIDUL,Perkotaan,1
3403110011,TERBAH,PATUK,GUNUNGKIDUL,Perdesaan,2
3403110003,BEJI,PATUK,GUNUNGKIDUL,Perdesaan,2
3403110004,BUNDER,PATUK,GUNUNGKIDUL,Perdesaan,2
3403110010,NGLANGGERAN,PATUK,GUNUNGKIDUL,Perdesaan,2
3403110005,NGLEGI,PATUK,GUNUNGKIDUL,Perdesaan,2
3403110009,NGORO ORO,PATUK,GUNUNGKIDUL,Perdesaan,2
3403110008,PATUK,PATUK,GUNUNGKIDUL,Perkotaan,1
3403110002,PENGKOK,PATUK,GUNUNGKIDUL,Perdesaan,2
3403110006,PUTAT,PATUK,GUNUNGKIDUL,Perkotaan,1
3403110007,SALAM,PATUK,GUNUNGKIDUL,Perkotaan,1
3403110001,SEMOYO,PATUK,GUNUNGKIDUL,Perdesaan,2
3403020005,SODO,PALIYAN,GUNUNGKIDUL,Perkotaan,1
3403020007,GROGOL,PALIYAN,GUNUNGKIDUL,Perkotaan,1
3403020002,KARANGASEM,PALIYAN,GUNUNGKIDUL,Perkotaan,1
3403020001,KARANGDUWET,PALIYAN,GUNUNGKIDUL,Perdesaan,2
3403020003,MULUSAN,PALIYAN,GUNUNGKIDUL,Perdesaan,2
3403020006,PAMPANG,PALIYAN,GUNUNGKIDUL,Perdesaan,2
3403020004,GIRING,PALIYAN,GUNUNGKIDUL,Perdesaan,2
3403010006,GIRIHARJO,PANGGANG,GUNUNGKIDUL,Perkotaan,1
3403010011,GIRISUKO,PANGGANG,GUNUNGKIDUL,Perdesaan,2
3403010009,GIRIKARTO,PANGGANG,GUNUNGKIDUL,Perdesaan,2
3403010008,GIRIMULYO,PANGGANG,GUNUNGKIDUL,Perdesaan,2
3403010010,GIRISEKAR,PANGGANG,GUNUNGKIDUL,Perkotaan,1
3403010007,GIRIWUNGU,PANGGANG,GUNUNGKIDUL,Perdesaan,2
3403040005,SIDOHARJO,TEPUS,GUNUNGKIDUL,Perkotaan,1
3403040006,TEPUS,TEPUS,GUNUNGKIDUL,Perdesaan,2
3403040008,GIRIPANGGUNG,TEPUS,GUNUNGKIDUL,Perdesaan,2
3403040007,PURWODADI,TEPUS,GUNUNGKIDUL,Perdesaan,2
3403040009,SUMBERWUNGU,TEPUS,GUNUNGKIDUL,Perdesaan,2
3403060001,PACAREJO,SEMANU,GUNUNGKIDUL,Perdesaan,2
3403060005,SEMANU,SEMANU,GUNUNGKIDUL,Perkotaan,1
3403060004,NGEPOSARI,SEMANU,GUNUNGKIDUL,Perkotaan,1
3403060002,CANDIREJO,SEMANU,GUNUNGKIDUL,Perdesaan,2
3403060003,DADAPAYU,SEMANU,GUNUNGKIDUL,Perdesaan,2
3403080002,BEJIHARJO,KARANGMOJO,GUNUNGKIDUL,Perkotaan,1
3403080003,WILADEG,KARANGMOJO,GUNUNGKIDUL,Perkotaan,1
3403080001,BENDUNGAN,KARANGMOJO,GUNUNGKIDUL,Perkotaan,1
3403080004,KELOR,KARANGMOJO,GUNUNGKIDUL,Perkotaan,1
3403080008,NGAWIS,KARANGMOJO,GUNUNGKIDUL,Perkotaan,1
3403080007,GEDANGREJO,KARANGMOJO,GUNUNGKIDUL,Perkotaan,1
3403080009,JATI AYU,KARANGMOJO,GUNUNGKIDUL,Perkotaan,1
3403080006,KARANGMOJO,KARANGMOJO,GUNUNGKIDUL,Perkotaan,1
3403080005,NGIPAK,KARANGMOJO,GUNUNGKIDUL,Perkotaan,1
3403070003,BEDOYO,PONJONG,GUNUNGKIDUL,Perkotaan,1
3403070006,GENJAHAN,PONJONG,GUNUNGKIDUL,Perkotaan,1
3403070004,KARANGASEM,PONJONG,GUNUNGKIDUL,Perdesaan,2
3403070008,KENTENG,PONJONG,GUNUNGKIDUL,Perdesaan,2
3403070005,PONJONG,PONJONG,GUNUNGKIDUL,Perkotaan,1
3403070010,SAWAHAN,PONJONG,GUNUNGKIDUL,Perdesaan,2
3403070007,SUMBERGIRI,PONJONG,GUNUNGKIDUL,Perdesaan,2
3403070009,TAMBAKROMO,PONJONG,GUNUNGKIDUL,Perdesaan,2
3403070011,UMBULREJO,PONJONG,GUNUNGKIDUL,Perdesaan,2
3403070001,GOMBANG,PONJONG,GUNUNGKIDUL,Perdesaan,2
3403070002,SIDOREJO,PONJONG,GUNUNGKIDUL,Perdesaan,2
3403050010,BOHOL,RONGKOP,GUNUNGKIDUL,Perdesaan,2
3403050012,BOTODAYAAN,RONGKOP,GUNUNGKIDUL,Perdesaan,2
3403050007,MELIKAN,RONGKOP,GUNUNGKIDUL,Perdesaan,2
3403050011,PRINGOMBO,RONGKOP,GUNUNGKIDUL,Perdesaan,2
3403050015,KARANGWUNI,RONGKOP,GUNUNGKIDUL,Perkotaan,1
3403050013,PETIR,RONGKOP,GUNUNGKIDUL,Perdesaan,2
3403050016,PUCANGANOM,RONGKOP,GUNUNGKIDUL,Perdesaan,2
3403050014,SEMUGIH,RONGKOP,GUNUNGKIDUL,Perkotaan,1
3403150008,BENDUNG,SEMIN,GUNUNGKIDUL,Perkotaan,1
3403150007,BULUREJO,SEMIN,GUNUNGKIDUL,Perkotaan,1
3403150010,CANDIREJO,SEMIN,GUNUNGKIDUL,Perdesaan,2
3403150001,KALITEKUK,SEMIN,GUNUNGKIDUL,Perdesaan,2
3403150005,KARANGSARI,SEMIN,GUNUNGKIDUL,Perdesaan,2
3403150002,KEMEJING,SEMIN,GUNUNGKIDUL,Perdesaan,2
3403150004,PUNDUNGSARI,SEMIN,GUNUNGKIDUL,Perkotaan,1
3403150006,REJOSARI,SEMIN,GUNUNGKIDUL,Perkotaan,1
3403150003,SEMIN,SEMIN,GUNUNGKIDUL,Perkotaan,1
3403150009,SUMBERREJO,SEMIN,GUNUNGKIDUL,Perdesaan,2
3403140005,SAMBIREJO,NGAWEN,GUNUNGKIDUL,Perkotaan,1
3403140002,BEJI,NGAWEN,GUNUNGKIDUL,Perkotaan,1
3403140004,JURANGJERO,NGAWEN,GUNUNGKIDUL,Perkotaan,1
3403140003,KAMPUNG,NGAWEN,GUNUNGKIDUL,Perkotaan,1
3403140006,TANCEP,NGAWEN,GUNUNGKIDUL,Perkotaan,1
3403140001,WATUSIGAR,NGAWEN,GUNUNGKIDUL,Perdesaan,2
3403120004,TEGALREJO,GEDANGSARI,GUNUNGKIDUL,Perkotaan,1
3403120005,WATUGAJAH,GEDANGSARI,GUNUNGKIDUL,Perkotaan,1
3403120002,HARGOMULYO,GEDANGSARI,GUNUNGKIDUL,Perkotaan,1
3403120003,MERTELU,GEDANGSARI,GUNUNGKIDUL,Perdesaan,2
3403120001,NGALANG,GEDANGSARI,GUNUNGKIDUL,Perkotaan,1
3403120006,SAMPANG,GEDANGSARI,GUNUNGKIDUL,Perdesaan,2
3403120007,SERUT,GEDANGSARI,GUNUNGKIDUL,Perdesaan,2
3403030002,KANIGORO,SAPTOSARI,GUNUNGKIDUL,Perdesaan,2
3403030007,JETIS,SAPTOSARI,GUNUNGKIDUL,Perkotaan,1
3403030004,MONGGOL,SAPTOSARI,GUNUNGKIDUL,Perkotaan,1
3403030005,KEPEK,SAPTOSARI,GUNUNGKIDUL,Perkotaan,1
3403030001,KRAMBILSAWIT,SAPTOSARI,GUNUNGKIDUL,Perdesaan,2
3403030006,NGLORA,SAPTOSARI,GUNUNGKIDUL,Perdesaan,2
3403030003,PLANJAN,SAPTOSARI,GUNUNGKIDUL,Perdesaan,2
3403051001,BALONG,GIRISUBO,GUNUNGKIDUL,Perdesaan,2
3403051002,JEPITU,GIRISUBO,GUNUNGKIDUL,Perdesaan,2
3403051006,JERUKWUDEL,GIRISUBO,GUNUNGKIDUL,Perdesaan,2
3403051003,KARANGAWEN,GIRISUBO,GUNUNGKIDUL,Perdesaan,2
3403051005,NGLINDUR,GIRISUBO,GUNUNGKIDUL,Perdesaan,2
3403051007,PUCUNG,GIRISUBO,GUNUNGKIDUL,Perdesaan,2
3403051008,SONGBANYU,GIRISUBO,GUNUNGKIDUL,Perdesaan,2
3403051004,TILENG,GIRISUBO,GUNUNGKIDUL,Perdesaan,2
3403041001,KEMADANG,TANJUNGSARI,GUNUNGKIDUL,Perdesaan,2
3403041003,BANJAREJO,TANJUNGSARI,GUNUNGKIDUL,Perdesaan,2
3403041005,HARGOSARI,TANJUNGSARI,GUNUNGKIDUL,Perkotaan,1
3403041002,KEMIRI,TANJUNGSARI,GUNUNGKIDUL,Perdesaan,2
3403041004,NGESTIREJO,TANJUNGSARI,GUNUNGKIDUL,Perdesaan,2
3403011002,GIRIASIH,PURWOSARI,GUNUNGKIDUL,Perdesaan,2
3403011003,GIRICAHYO,PURWOSARI,GUNUNGKIDUL,Perdesaan,2
3403011005,GIRITIRTO,PURWOSARI,GUNUNGKIDUL,Perdesaan,2
3403011001,GIRIJATI,PURWOSARI,GUNUNGKIDUL,Perdesaan,2
3403011004,GIRIPURWO,PURWOSARI,GUNUNGKIDUL,Perdesaan,2
3471140004,KARANGWARU,TEGALREJO,YOGYAKARTA,Perkotaan,1
3471140001,TEGALREJO,TEGALREJO,YOGYAKARTA,Perkotaan,1
3471140003,KRICAK,TEGALREJO,YOGYAKARTA,Perkotaan,1
3471140002,BENER,TEGALREJO,YOGYAKARTA,Perkotaan,1
3471130001,BUMIJO,JETIS,YOGYAKARTA,Perkotaan,1
3471130003,COKRODININGRATAN,JETIS,YOGYAKARTA,Perkotaan,1
3471130002,GOWONGAN,JETIS,YOGYAKARTA,Perkotaan,1
3471060005,TERBAN,GONDOKUSUMAN,YOGYAKARTA,Perkotaan,1
3471060003,KLITREN,GONDOKUSUMAN,YOGYAKARTA,Perkotaan,1
3471060004,KOTABARU,GONDOKUSUMAN,YOGYAKARTA,Perkotaan,1
3471060001,BACIRO,GONDOKUSUMAN,YOGYAKARTA,Perkotaan,1
3471060002,DEMANGAN,GONDOKUSUMAN,YOGYAKARTA,Perkotaan,1
3471070001,SURYATMAJAN,DANUREJAN,YOGYAKARTA,Perkotaan,1
3471070002,TEGAL PANGGUNG,DANUREJAN,YOGYAKARTA,Perkotaan,1
3471070003,BAUSASRAN,DANUREJAN,YOGYAKARTA,Perkotaan,1
3471120001,PRINGGOKUSUMAN,GEDONG TENGEN,YOGYAKARTA,Perkotaan,1
3471120002,SOSROMENDURAN,GEDONG TENGEN,YOGYAKARTA,Perkotaan,1
3471100001,NOTOPRAJAN,NGAMPILAN,YOGYAKARTA,Perkotaan,1
3471100002,NGAMPILAN,NGAMPILAN,YOGYAKARTA,Perkotaan,1
3471110002,WIROBRAJAN,WIROBRAJAN,YOGYAKARTA,Perkotaan,1
3471110003,PAKUNCEN,WIROBRAJAN,YOGYAKARTA,Perkotaan,1
3471110001,PATANGPULUHAN,WIROBRAJAN,YOGYAKARTA,Perkotaan,1
3471010002,SURYODININGRATAN,MANTRIJERON,YOGYAKARTA,Perkotaan,1
3471010003,MANTRIJERON,MANTRIJERON,YOGYAKARTA,Perkotaan,1
3471010001,GEDONGKIWO,MANTRIJERON,YOGYAKARTA,Perkotaan,1
3471020002,PANEMBAHAN,KRATON,YOGYAKARTA,Perkotaan,1
3471020001,PATEHAN,KRATON,YOGYAKARTA,Perkotaan,1
3471020003,KADIPATEN,KRATON,YOGYAKARTA,Perkotaan,1
3471090001,PRAWIRODIRJAN,GONDOMANAN,YOGYAKARTA,Perkotaan,1
3471090002,NGUPASAN,GONDOMANAN,YOGYAKARTA,Perkotaan,1
3471080001,PURWO KINANTI,PAKUALAMAN,YOGYAKARTA,Perkotaan,1
3471080002,GUNUNG KETUR,PAKUALAMAN,YOGYAKARTA,Perkotaan,1
3471030003,WIROGUNAN,MERGANGSAN,YOGYAKARTA,Perkotaan,1
3471030002,KEPARAKAN,MERGANGSAN,YOGYAKARTA,Perkotaan,1
3471030001,BRONTOKUSUMAN,MERGANGSAN,YOGYAKARTA,Perkotaan,1
3471040003,PANDEYAN,UMBULHARJO,YOGYAKARTA,Perkotaan,1
3471040005,TAHUNAN,UMBULHARJO,YOGYAKARTA,Perkotaan,1
3471040007,SEMAKI,UMBULHARJO,YOGYAKARTA,Perkotaan,1
3471040006,MUJA MUJU,UMBULHARJO,YOGYAKARTA,Perkotaan,1
3471040004,WARUNGBOTO,UMBULHARJO,YOGYAKARTA,Perkotaan,1
3471040002,SOROSUTAN,UMBULHARJO,YOGYAKARTA,Perkotaan,1
3471040001,GIWANGAN,UMBULHARJO,YOGYAKARTA,Perkotaan,1
3471050001,PRENGGAN,KOTAGEDE,YOGYAKARTA,Perkotaan,1
3471050002,PURBAYAN,KOTAGEDE,YOGYAKARTA,Perkotaan,1
3471050003,REJOWINANGUN,KOTAGEDE,YOGYAKARTA,Perkotaan,1
3401010003,PALIHAN,TEMON,KULON PROGO,Perkotaan,1
3401010010,KALIGINTUNG,TEMON,KULON PROGO,Perdesaan,2
3401010012,TEMON KULON,TEMON,KULON PROGO,Perkotaan,1
3401010015,KARANG WULUH,TEMON,KULON PROGO,Perdesaan,2
3401010013,KEBONREJO,TEMON,KULON PROGO,Perkotaan,1
3401010011,TEMON WETAN,TEMON,KULON PROGO,Perkotaan,1
3401010007,KEDUNDANG,TEMON,KULON PROGO,Perkotaan,1
3401010006,PLUMBON,TEMON,KULON PROGO,Perdesaan,2
3401010009,KULUR,TEMON,KULON PROGO,Perkotaan,1
3401010002,SINDUTAN,TEMON,KULON PROGO,Perkotaan,1
3401010005,KALI DENGEN,TEMON,KULON PROGO,Perkotaan,1
3401010008,DEMEN,TEMON,KULON PROGO,Perkotaan,1
3401010004,GLAGAH,TEMON,KULON PROGO,Perkotaan,1
3401010001,JANGKARAN,TEMON,KULON PROGO,Perkotaan,1
3401010014,JANTEN,TEMON,KULON PROGO,Perkotaan,1
3401020001,KARANG WUNI,WATES,KULON PROGO,Perdesaan,2
3401020003,KULWARU,WATES,KULON PROGO,Perdesaan,2
3401020005,TRIHARJO,WATES,KULON PROGO,Perkotaan,1
3401020004,NGESTIHARJO,WATES,KULON PROGO,Perkotaan,1
3401020002,SOGAN,WATES,KULON PROGO,Perkotaan,1
3401020008,WATES,WATES,KULON PROGO,Perkotaan,1
3401020006,BENDUNGAN,WATES,KULON PROGO,Perkotaan,1
3401020007,GIRI PENI,WATES,KULON PROGO,Perkotaan,1
3401030009,PANJATAN,PANJATAN,KULON PROGO,Perkotaan,1
3401030004,KANOMAN,PANJATAN,KULON PROGO,Perkotaan,1
3401030007,TAYUBAN,PANJATAN,KULON PROGO,Perkotaan,1
3401030002,PLERET,PANJATAN,KULON PROGO,Perdesaan,2
3401030011,KREMBANGAN,PANJATAN,KULON PROGO,Perkotaan,1
3401030006,BOJONG,PANJATAN,KULON PROGO,Perdesaan,2
3401030003,BUGEL,PANJATAN,KULON PROGO,Perdesaan,2
3401030010,CERME,PANJATAN,KULON PROGO,Perkotaan,1
3401030005,DEPOK,PANJATAN,KULON PROGO,Perdesaan,2
3401030001,GARONGAN,PANJATAN,KULON PROGO,Perdesaan,2
3401030008,GOTAKAN,PANJATAN,KULON PROGO,Perkotaan,1
3401040004,NOMPOREJO,GALUR,KULON PROGO,Perkotaan,1
3401040006,PANDOWAN,GALUR,KULON PROGO,Perkotaan,1
3401040001,KARANG SEWU,GALUR,KULON PROGO,Perkotaan,1
3401040003,KRANGGAN,GALUR,KULON PROGO,Perkotaan,1
3401040007,TIRTA RAHAYU,GALUR,KULON PROGO,Perkotaan,1
3401040002,BANARAN,GALUR,KULON PROGO,Perdesaan,2
3401040005,BROSOT,GALUR,KULON PROGO,Perkotaan,1
3401050004,SIDOREJO,LENDAH,KULON PROGO,Perdesaan,2
3401050001,WAHYUHARJO,LENDAH,KULON PROGO,Perkotaan,1
3401050006,NGENTAKREJO,LENDAH,KULON PROGO,Perkotaan,1
3401050003,JATIREJO,LENDAH,KULON PROGO,Perkotaan,1
3401050002,BUMIREJO,LENDAH,KULON PROGO,Perkotaan,1
3401050005,GULUREJO,LENDAH,KULON PROGO,Perdesaan,2
3401060002,SRIKAYANGAN,SENTOLO,KULON PROGO,Perdesaan,2
3401060005,SUKORENO,SENTOLO,KULON PROGO,Perkotaan,1
3401060004,SALAMREJO,SENTOLO,KULON PROGO,Perkotaan,1
3401060007,SENTOLO,SENTOLO,KULON PROGO,Perkotaan,1
3401060003,TUKSONO,SENTOLO,KULON PROGO,Perkotaan,1
3401060008,BANGUNCIPTO,SENTOLO,KULON PROGO,Perkotaan,1
3401060006,KALIAGUNG,SENTOLO,KULON PROGO,Perkotaan,1
3401060001,DEMANGREJO,SENTOLO,KULON PROGO,Perkotaan,1
3401070002,KARANGSARI,PENGASIH,KULON PROGO,Perkotaan,1
3401070001,TAWANGSARI,PENGASIH,KULON PROGO,Perkotaan,1
3401070005,PENGASIH,PENGASIH,KULON PROGO,Perkotaan,1
3401070003,KEDUNGSARI,PENGASIH,KULON PROGO,Perkotaan,1
3401070006,SENDANGSARI,PENGASIH,KULON PROGO,Perkotaan,1
3401070004,MARGOSARI,PENGASIH,KULON PROGO,Perkotaan,1
3401070007,SIDOMULYO,PENGASIH,KULON PROGO,Perdesaan,2
3401080004,KALIREJO,KOKAP,KULON PROGO,Perdesaan,2
3401080001,HARGOMULYO,KOKAP,KULON PROGO,Perkotaan,1
3401080002,HARGOREJO,KOKAP,KULON PROGO,Perkotaan,1
3401080005,HARGOTIRTO,KOKAP,KULON PROGO,Perdesaan,2
3401080003,HARGOWILIS,KOKAP,KULON PROGO,Perdesaan,2
3401090003,PENDOWOREJO,GIRIMULYO,KULON PROGO,Perkotaan,1
3401090004,PURWOSARI,GIRIMULYO,KULON PROGO,Perdesaan,2
3401090002,GIRIPURWO,GIRIMULYO,KULON PROGO,Perkotaan,1
3401090001,JATIMULYO,GIRIMULYO,KULON PROGO,Perdesaan,2
3401100004,TANJUNGHARJO,NANGGULAN,KULON PROGO,Perdesaan,2
3401100006,KEMBANG,NANGGULAN,KULON PROGO,Perkotaan,1
3401100003,WIJIMULYO,NANGGULAN,KULON PROGO,Perkotaan,1
3401100005,JATI SARONO,NANGGULAN,KULON PROGO,Perkotaan,1
3401100001,BANYUROTO,NANGGULAN,KULON PROGO,Perdesaan,2
3401100002,DONOMULYO,NANGGULAN,KULON PROGO,Perdesaan,2
3401120007,PAGERHARJO,SAMIGALUH,KULON PROGO,Perdesaan,2
3401120001,KEBON HARJO,SAMIGALUH,KULON PROGO,Perdesaan,2
3401120003,PURWOHARJO,SAMIGALUH,KULON PROGO,Perdesaan,2
3401120004,SIDOHARJO,SAMIGALUH,KULON PROGO,Perdesaan,2
3401120006,NGARGOSARI,SAMIGALUH,KULON PROGO,Perkotaan,1
3401120002,BANJARSARI,SAMIGALUH,KULON PROGO,Perdesaan,2
3401120005,GERBOSARI,SAMIGALUH,KULON PROGO,Perkotaan,1
3401110001,BANJARARUM,KALIBAWANG,KULON PROGO,Perkotaan,1
3401110002,BANJARASRI,KALIBAWANG,KULON PROGO,Perdesaan,2
3401110003,BANJARHARJO,KALIBAWANG,KULON PROGO,Perkotaan,1
3401110004,BANJAROYO,KALIBAWANG,KULON PROGO,Perkotaan,1
3404050002,AMBARKETAWANG,GAMPING,SLEMAN,Perkotaan,1
3404050001,BALECATUR,GAMPING,SLEMAN,Perkotaan,1
3404050005,TRIHANGGO,GAMPING,SLEMAN,Perkotaan,1
3404050003,BANYURADEN,GAMPING,SLEMAN,Perkotaan,1
3404050004,NOGOTIRTO,GAMPING,SLEMAN,Perkotaan,1
3404040005,SIDOKARTO,GODEAN,SLEMAN,Perkotaan,1
3404040002,SIDOLUHUR,GODEAN,SLEMAN,Perkotaan,1
3404040007,SIDOMOYO,GODEAN,SLEMAN,Perkotaan,1
3404040003,SIDOMULYO,GODEAN,SLEMAN,Perkotaan,1
3404040001,SIDOREJO,GODEAN,SLEMAN,Perkotaan,1
3404040004,SIDOAGUNG,GODEAN,SLEMAN,Perkotaan,1
3404040006,SIDOARUM,GODEAN,SLEMAN,Perkotaan,1
3404010003,SUMBERAGUNG,MOYUDAN,SLEMAN,Perkotaan,1
3404010004,SUMBERARUM,MOYUDAN,SLEMAN,Perkotaan,1
3404010001,SUMBERRAHAYU,MOYUDAN,SLEMAN,Perkotaan,1
3404010002,SUMBERSARI,MOYUDAN,SLEMAN,Perkotaan,1
3404020005,SENDANGAGUNG,MINGGIR,SLEMAN,Perkotaan,1
3404020002,SENDANGARUM,MINGGIR,SLEMAN,Perkotaan,1
3404020001,SENDANGMULYO,MINGGIR,SLEMAN,Perkotaan,1
3404020003,SENDANGREJO,MINGGIR,SLEMAN,Perkotaan,1
3404020004,SENDANGSARI,MINGGIR,SLEMAN,Perkotaan,1
3404030004,MARGOAGUNG,SEYEGAN,SLEMAN,Perkotaan,1
3404030002,MARGODADI,SEYEGAN,SLEMAN,Perkotaan,1
3404030003,MARGOMULYO,SEYEGAN,SLEMAN,Perkotaan,1
3404030001,MARGOLUWIH,SEYEGAN,SLEMAN,Perkotaan,1
3404030005,MARGOKATON,SEYEGAN,SLEMAN,Perkotaan,1
3404060005,SINDUADI,MLATI,SLEMAN,Perkotaan,1
3404060002,SUMBERADI,MLATI,SLEMAN,Perkotaan,1
3404060001,TIRTOADI,MLATI,SLEMAN,Perkotaan,1
3404060003,TLOGOADI,MLATI,SLEMAN,Perkotaan,1
3404060004,SENDANGADI,MLATI,SLEMAN,Perkotaan,1
3404070001,CATURTUNGGAL,DEPOK,SLEMAN,Perkotaan,1
3404070003,CONDONGCATUR,DEPOK,SLEMAN,Perkotaan,1
3404070002,MAGUWOHARJO,DEPOK,SLEMAN,Perkotaan,1
3404080002,TEGALTIRTO,BERBAH,SLEMAN,Perkotaan,1
3404080003,JOGOTIRTO,BERBAH,SLEMAN,Perkotaan,1
3404080004,KALITIRTO,BERBAH,SLEMAN,Perkotaan,1
3404080001,SENDANGTIRTO,BERBAH,SLEMAN,Perkotaan,1
3404090001,SUMBERHARJO,PRAMBANAN,SLEMAN,Perkotaan,1
3404090002,WUKIRHARJO,PRAMBANAN,SLEMAN,Perdesaan,2
3404090006,BOKOHARJO,PRAMBANAN,SLEMAN,Perkotaan,1
3404090003,GAYAMHARJO,PRAMBANAN,SLEMAN,Perdesaan,2
3404090005,MADUREJO,PRAMBANAN,SLEMAN,Perkotaan,1
3404090004,SAMBIREJO,PRAMBANAN,SLEMAN,Perkotaan,1
3404100003,TAMANMARTANI,KALASAN,SLEMAN,Perkotaan,1
3404100002,TIRTOMARTANI,KALASAN,SLEMAN,Perkotaan,1
3404100001,PURWOMARTANI,KALASAN,SLEMAN,Perkotaan,1
3404100004,SELOMARTANI,KALASAN,SLEMAN,Perkotaan,1
3404110005,SINDUMARTANI,NGEMPLAK,SLEMAN,Perkotaan,1
3404110002,UMBULMARTANI,NGEMPLAK,SLEMAN,Perkotaan,1
3404110001,WEDOMARTANI,NGEMPLAK,SLEMAN,Perkotaan,1
3404110003,WIDODOMARTANI,NGEMPLAK,SLEMAN,Perkotaan,1
3404110004,BIMOMARTANI,NGEMPLAK,SLEMAN,Perkotaan,1
3404120002,SINDUHARJO,NGAGLIK,SLEMAN,Perkotaan,1
3404120004,SUKOHARJO,NGAGLIK,SLEMAN,Perkotaan,1
3404120006,DONOHARJO,NGAGLIK,SLEMAN,Perkotaan,1
3404120003,MINOMARTANI,NGAGLIK,SLEMAN,Perkotaan,1
3404120005,SARDONOHARJO,NGAGLIK,SLEMAN,Perkotaan,1
3404120001,SARIHARJO,NGAGLIK,SLEMAN,Perkotaan,1
3404130003,TRIDADI,SLEMAN,SLEMAN,Perkotaan,1
3404130002,TRIHARJO,SLEMAN,SLEMAN,Perkotaan,1
3404130005,TRIMULYO,SLEMAN,SLEMAN,Perkotaan,1
3404130001,CATURHARJO,SLEMAN,SLEMAN,Perkotaan,1
3404130004,PANDOWOHARJO,SLEMAN,SLEMAN,Perkotaan,1
3404140003,SUMBERREJO,TEMPEL,SLEMAN,Perkotaan,1
3404140002,TAMBAKREJO,TEMPEL,SLEMAN,Perkotaan,1
3404140001,BANYUREJO,TEMPEL,SLEMAN,Perkotaan,1
3404140007,LUMBUNGREJO,TEMPEL,SLEMAN,Perkotaan,1
3404140006,MARGOREJO,TEMPEL,SLEMAN,Perkotaan,1
3404140008,MERDIKOREJO,TEMPEL,SLEMAN,Perkotaan,1
3404140005,MOROREJO,TEMPEL,SLEMAN,Perkotaan,1
3404140004,PONDOKREJO,TEMPEL,SLEMAN,Perkotaan,1
3404150001,BANGUNKERTO,TURI,SLEMAN,Perkotaan,1
3404150004,WONOKERTO,TURI,SLEMAN,Perkotaan,1
3404150002,DONOKERTO,TURI,SLEMAN,Perkotaan,1
3404150003,GIRIKERTO,TURI,SLEMAN,Perkotaan,1
3404160002,CANDIBINANGUN,PAKEM,SLEMAN,Perkotaan,1
3404160005,HARGOBINANGUN,PAKEM,SLEMAN,Perkotaan,1
3404160003,HARJOBINANGUN,PAKEM,SLEMAN,Perkotaan,1
3404160004,PAKEMBINANGUN,PAKEM,SLEMAN,Perkotaan,1
3404160001,PURWOBINANGUN,PAKEM,SLEMAN,Perkotaan,1
3404170002,ARGOMULYO,CANGKRINGAN,SLEMAN,Perkotaan,1
3404170005,UMBULHARJO,CANGKRINGAN,SLEMAN,Perkotaan,1
3404170003,GLAGAHARJO,CANGKRINGAN,SLEMAN,Perdesaan,2
3404170004,KEPUHARJO,CANGKRINGAN,SLEMAN,Perdesaan,2
3404170001,WUKIRSARI,CANGKRINGAN,SLEMAN,Perkotaan,1
