village_id,FFAS_count,FFAS_std,DIS,DIS_std,DI_final,DI_std,MI_FFAS,MI_DIS
3402050003,2.301380426947892,0.7301467213334185,-0.0707909351181705,-0.0376880627529363,-0.7043072866762555,-0.5386291273020978,-1.2687758486355163,-0.5009410645491614
3402050002,1.3440555208229927,0.4264213427418743,-0.3231796814825793,-0.1720561551540148,-0.7607235232832086,-0.5817742556631504,-1.0081955984050248,-0.4097181005091356
3402050001,-0.9281871430046038,-0.2944809955420678,-0.3231796814825793,-0.1720561551540148,-0.6211353091878815,-0.475022161283095,-0.1805411657410271,-0.3029660061290802
3402070001,0.4685482874196643,0.1486538217845032,2.048201256915664,1.090432516146683,-0.2895061567028665,-0.2214039972088598,-0.3700578189933631,-1.3118365133555427
3402070002,-0.8706897737271779,-0.2762391111618806,-0.8279571742113969,-0.4407923399561717,-0.0804915684730321,-0.0615570846730924,0.2146820264887881,0.3792352552830792
3402070005,-1.712505720165947,-0.5433175767911413,-0.3231796814825793,-0.1720561551540148,0.2035573177428858,0.155673386440775,0.6989909632319163,0.3277295415947898
3402070004,0.6177485340703534,0.1959897900748969,0.1815978112462382,0.096680029648142,0.1279709837440082,0.0978676503821409,-0.0981221396927559,0.0011876207339989
3402070003,15.44299263160871,4.899516092825684,2.8053674960088903,1.4935367933499182,0.2173367123729712,0.1662113766685627,-4.733304716157122,-1.3273254166813553
3402130004,-0.547378593047797,-0.1736638933581222,1.5434237641868465,0.821696331344526,0.4468703662883412,0.3417505398062108,0.5154144331643331,-0.4799457915383152
3402130001,-1.712505720165947,-0.5433175767911413,1.5434237641868465,0.821696331344526,0.8135554851326109,0.6221782583519397,1.165495835143081,-0.1995180729925862
3402130006,1.5847902515599404,0.502797969700406,1.5434237641868465,0.821696331344526,0.4304155601141683,0.3291664901205316,-0.1736314795798744,-0.4925298412239944
3402130003,-3.0096882415651165,-0.9548677724390274,1.2910350178224377,0.6873282389434476,1.2453852423448155,0.952426276043119,1.9072940484821463,0.2650980370996714
3402130008,11.10307187255394,3.5226125283536684,2.300590003280073,1.2248006085477614,1.7784015018578616,1.3600581267005285,-2.16255440165314,0.1352575181527668
3402130007,1.5972606963117033,0.5067544013457141,2.048201256915664,1.090432516146683,1.118273695726207,0.8552158925636245,0.3484614912179103,-0.2352166235830585
3402130002,-2.3983759933673285,-0.7609199885324243,1.038646271458029,0.5529601465423691,2.301069370708034,1.7597758967610588,2.520695885293483,1.2068157502186896
3402130005,0.8818593226323918,0.2797828145046308,1.038646271458029,0.5529601465423691,0.0711420421379009,0.0544068999371869,-0.2253759145674438,-0.4985532466051822
3402100004,-0.8706897737271779,-0.2762391111618806,-0.0707909351181705,-0.0376880627529363,-0.6797990688368598,-0.5198861152159097,-0.243647004054029,-0.4821980524629733
3402100006,1.8403730304659287,0.5838853578881031,0.1815978112462382,0.096680029648142,-1.1693418004656455,-0.8942709601586014,-1.4781563180467046,-0.9909509898067436
3402100001,-1.712505720165947,-0.5433175767911413,-0.5755684278469881,-0.3064242475550933,-1.4647637336914692,-1.1201991325480305,-0.5768815557568889,-0.8137748849929369
3402100002,-1.101193471968159,-0.3493697928845382,-0.3231796814825793,-0.1720561551540148,-1.2772293718381784,-0.9767795320766453,-0.627409739192107,-0.8047233769226304
3402100005,-2.323817968363735,-0.7372653606977444,-0.5755684278469881,-0.3064242475550933,-0.831099793998838,-0.6355955208913207,0.1016698398064237,-0.3291712733362273
3402100003,-1.482002021924966,-0.4701868950684839,-0.8279571742113969,-0.4407923399561717,-1.0256362048043008,-0.7843700390070103,-0.3141831439385264,-0.3435776990508385
3402090002,-2.323817968363735,-0.7372653606977444,1.2910350178224377,0.6873282389434476,-0.929311620791685,-0.7107044279790475,0.0265609327186968,-1.3980326669224952
3402090008,2.104483819027968,0.6676783823178373,1.5434237641868465,0.821696331344526,-0.6292134673337719,-0.4812000489106148,-1.148878431228452,-1.3028963802551408
3402090006,0.0064362858725652,0.0020420061682936,-0.5755684278469881,-0.3064242475550933,-0.3337210215102133,-0.2552179509979089,-0.2572599571662026,0.0512062965571843
3402090004,-0.489881223770371,-0.155422008977935,-1.080345920575806,-0.5751604323572503,-0.7597021275813074,-0.5809931286097283,-0.4255711196317933,-0.0058326962524779
3402090003,-2.323817968363735,-0.7372653606977444,-0.8279571742113969,-0.4407923399561717,-0.6840541400912029,-0.523140242156937,0.2141251185408074,-0.0823479022007652
3402090001,-2.323817968363735,-0.7372653606977444,-0.3231796814825793,-0.1720561551540148,-0.7827980918401388,-0.5986560994582084,0.1386092612395359,-0.4265999443041935
3402090005,0.7327432726252049,0.2324735588352712,1.2910350178224377,0.6873282389434476,-0.7310637100099385,-0.5590914868752307,-0.7915650457105019,-1.2464197258186784
3402090007,1.309259628793297,0.4153818352428696,1.038646271458029,0.5529601465423691,0.2841961224097062,0.2173430721107161,-0.1980387631321534,-0.335617074431653
3402080003,1.5170618497865478,0.4813101400843446,2.048201256915664,1.090432516146683,-0.1812238599428036,-0.1385935533734989,-0.6199036934578436,-1.229026069520182
3402080001,0.9734780033621524,0.3088501857938029,2.300590003280073,1.2248006085477614,-0.5141181136698604,-0.3931792218181141,-0.7020294076119171,-1.6179798303658757
3402080004,2.739686346182124,0.8692057078975511,1.5434237641868465,0.821696331344526,-0.1332306839663695,-0.1018900817757029,-0.9710957896732542,-0.923586413120229
3402080002,-0.3407651737631841,-0.1081127533085755,1.7958125105512552,0.9560644237456044,-0.5614055740072883,-0.4293429872309078,-0.3212302339223323,-1.3854074109765124
3402150003,0.3689953783945655,0.1170692001058181,3.462651513983553,1.8434652308621624,0.83529885432909,0.6388068126725629,0.5217376125667448,-1.2046584181895992
3402150002,4.358991246552035,1.3829539565572668,-0.0707909351181705,-0.0376880627529363,0.8114900999236041,0.6205987253076062,-0.7623552312496606,0.6582867880605425
3402150004,11.187346708922222,3.5493499572223137,0.433986557610647,0.2310481220492204,1.6820885154962797,1.2864013851429987,-2.262948572079315,1.0553532630937783
3402150001,1.054865651595947,0.334671611847101,-0.0707909351181705,-0.0376880627529363,-0.2497658539406106,-0.1910120290999251,-0.5256836409470262,-0.1533239663469888
3402030002,-0.489881223770371,-0.155422008977935,0.433986557610647,0.2310481220492204,-0.3393225696220831,-0.2595018154816566,-0.1040798065037215,-0.490549937530877
3402030001,-2.323817968363735,-0.7372653606977444,1.7958125105512552,0.9560644237456044,-0.4460241711059418,-0.3411033998699281,0.3961619608278162,-1.2971678236155326
3402030005,-2.323817968363735,-0.7372653606977444,-0.5755684278469881,-0.3064242475550933,-0.8977538428359068,-0.6865701634023877,0.0506951972953566,-0.3801459158472944
3402030004,-1.6379476951623535,-0.5196629489564616,-0.5755684278469881,-0.3064242475550933,-0.8061046110028739,-0.6164800951977897,-0.096817146241328,-0.3100558476426964
3402030003,1.1362532998297414,0.3604930379003991,1.7958125105512552,0.9560644237456044,-0.5041518661116702,-0.3855573906567788,-0.746050428557178,-1.3416218144023833
3402160002,-1.2161882105230106,-0.3858535616449126,0.1815978112462382,0.096680029648142,-0.4544326211159052,-0.3475338829509753,0.0383196786939372,-0.4442139125991174
3402160001,-1.101193471968159,-0.3493697928845382,-0.3231796814825793,-0.1720561551540148,-0.9638568695272686,-0.737123403802358,-0.3877536109178197,-0.5650672486483431
3402160003,-1.101193471968159,-0.3493697928845382,-0.0707909351181705,-0.0376880627529363,-0.0891106373563481,-0.0681486415667969,0.2812211513177413,-0.0304605788138606
3402060004,-0.9281871430046038,-0.2944809955420678,-0.5755684278469881,-0.3064242475550933,-0.5919955719191324,-0.4527371280997121,-0.1582561325576442,-0.1463128805446188
3402060002,-2.323817968363735,-0.7372653606977444,0.433986557610647,0.2310481220492204,-0.7705649769155627,-0.5893006488748334,0.147964711822911,-0.8203487709240538
3402060001,-0.489881223770371,-0.155422008977935,-0.8279571742113969,-0.4407923399561717,-0.4867381684775159,-0.3722400149356632,-0.2168180059577281,0.0685523250205085
3402060003,0.9057496015887602,0.2873623561777416,0.1815978112462382,0.096680029648142,-0.6132016541155086,-0.4689547844593871,-0.7563171406371287,-0.5656348141075291
3402120003,0.8073012976287981,0.2561281866699509,-0.5755684278469881,-0.3064242475550933,-0.3648049010709003,-0.2789897949610004,-0.5351179816309515,0.0274344525940928
3402120002,8.960299362907294,2.84278649691532,-0.5755684278469881,-0.3064242475550933,-0.2357874086569248,-0.1803218120219174,-3.023108308937237,0.1261024355331758
3402120001,-0.6794339873288161,-0.2155604055729891,-0.5755684278469881,-0.3064242475550933,-0.0668198407279857,-0.0511014342441751,0.164458971328814,0.2553228133109181
3402110001,-1.482002021924966,-0.4701868950684839,2.048201256915664,1.090432516146683,0.210476347022857,0.1609648135967198,0.6311517086652036,-0.9294677025499632
3402110005,-1.712505720165947,-0.5433175767911413,1.2910350178224377,0.6873282389434476,-0.7525323962468629,-0.5755099734518612,-0.0321923966607198,-1.2628382123953088
3402110002,-1.2161882105230106,-0.3858535616449126,2.048201256915664,1.090432516146683,0.0687698711059769,0.0525927480223795,0.4384463096672921,-1.0378397681243037
3402110003,-1.712505720165947,-0.5433175767911413,1.5434237641868465,0.821696331344526,0.1336366430312439,0.1022005448093393,0.6455181216004807,-0.7194957865351866
3402110004,-2.323817968363735,-0.7372653606977444,0.7862575250936199,0.4185920541412906,-0.3118749523225285,-0.2385108553819114,0.498754505315833,-0.657102909523202
3402040003,-0.2184265908468537,-0.069299042127674,-0.3231796814825793,-0.1720561551540148,-0.695180941991032,-0.531649623942906,-0.462350581815232,-0.3595934687888912
3402040002,-0.489881223770371,-0.155422008977935,-0.8279571742113969,-0.4407923399561717,-0.690080848763091,-0.527749254293901,-0.3723272453159659,-0.0869569143377292
3402040001,-3.0096882415651165,-0.9548677724390274,-0.5755684278469881,-0.3064242475550933,-0.911440334017015,-0.6970371043813709,0.2578306680576565,-0.3906128568262776
3402020004,1.1362532998297414,0.3604930379003991,1.7958125105512552,0.9560644237456044,-0.7694563586765713,-0.5884528171316789,-0.948945855032078,-1.5445172408772834
3402020003,0.7668645840775401,0.2432990457442564,1.2910350178224377,0.6873282389434476,-0.5309320333505124,-0.4060379087228829,-0.6493369544671393,-1.0933661476663306
3402020002,-2.323817968363735,-0.7372653606977444,-1.080345920575806,-0.5751604323572503,-0.7082741249904442,-0.5416628239565838,0.1956025367411605,0.0334976084006665
3402020001,1.2614790708805592,0.4002227518966476,1.038646271458029,0.5529601465423691,-0.6797411826537454,-0.5198418459248152,-0.9200645978214628,-1.0728019924671843
3402170002,-1.101193471968159,-0.3493697928845382,0.686375303975056,0.365416214450299,-0.6560549818121851,-0.5017274831605176,-0.1523576902759794,-0.8671436976108167
3402170003,-0.489881223770371,-0.155422008977935,-0.3231796814825793,-0.1720561551540148,-0.464947222406133,-0.355575075515675,-0.2001530665377399,-0.1835189203616602
3402170001,-0.489881223770371,-0.155422008977935,1.7958125105512552,0.9560644237456044,-0.7182847572622311,-0.5493185989660129,-0.3938965899880778,-1.5053830227116174
3402170004,2.07087672870691,0.6570160396107607,-0.0707909351181705,-0.0376880627529363,-0.3455144057323187,-0.2642371112020696,-0.9212531508128304,-0.2265490484491333
3402140004,8.298319368662279,2.6327636268471464,1.1911527967038735,0.6341523992524558,0.9755518754067428,0.7460673277540487,-1.8866962990930976,0.1119149285015929
3402140001,3.7191985084234735,1.179970319168368,0.1815978112462382,0.096680029648142,0.0345473508732753,0.0264205834633444,-1.1535497357050235,-0.0702594461847976
3402140002,4.260542942592073,1.3517197870494762,0.1815978112462382,0.096680029648142,-0.0031110855188903,-0.002379247396275,-1.3540990344457513,-0.0990592770444171
3402140003,10.32863850004429,3.276912173380629,1.1911527967038735,0.6341523992524558,0.7300881482542412,0.5583454119913823,-2.7185667613892464,-0.0758069872610734
3402010001,1.0309753726395785,0.3270920701739902,1.7958125105512552,0.9560644237456044,-0.7094435562962262,-0.5425571633672205,-0.8696492335412107,-1.498621587112825
3402010002,1.80668174350137,0.5731963025599928,-0.0707909351181705,-0.0376880627529363,-0.5179206318795517,-0.3960872523093248,-0.9692835548693176,-0.3583991895563884
3403090006,-2.323817968363735,-0.7372653606977444,1.2910350178224377,0.6873282389434476,0.1938992586486181,0.148287246839796,0.8855526075375405,-0.5390409921036515
3403090008,2.531884125188873,0.803277403056076,2.552978749644482,1.35916870094884,0.5607930353852164,0.42887453950974,-0.3744028635463359,-0.9302941614391
3403090004,-2.323817968363735,-0.7372653606977444,1.2910350178224377,0.6873282389434476,0.0710073582270394,0.0543038984792418,0.7915692591769863,-0.6330243404642057
3403090010,9.092106803671872,2.8846043422375014,1.5434237641868465,0.821696331344526,1.0249693477661928,0.7838600504959352,-2.100744291741566,-0.0378362808485908
3403090003,-2.323817968363735,-0.7372653606977444,1.038646271458029,0.5529601465423691,0.0446187663100833,0.0341228432724472,0.7713882039701916,-0.518837303269922
3403090014,-2.323817968363735,-0.7372653606977444,-0.8279571742113969,-0.4407923399561717,-0.2170490780262697,-0.165991404164974,0.5712739565327705,0.2748009357911977
3403090007,-0.9520774219609724,-0.3020605372151788,-0.3231796814825793,-0.1720561551540148,0.1484232667783773,0.1135088279910295,0.4155693652062083,0.2855649831450443
3403090013,-2.323817968363735,-0.7372653606977444,-0.3231796814825793,-0.1720561551540148,0.0217201015754722,0.0166107600728077,0.7538761207705522,0.1886669152268226
3403090011,5.753775700619949,1.825469797997317,1.7958125105512552,0.9560644237456044,0.9324843398216623,0.7131308104893808,-1.1123389875079366,-0.2429336132562237
3403090002,-0.9520774219609724,-0.3020605372151788,-0.3231796814825793,-0.1720561551540148,0.0860515506322621,0.0658091609967298,0.3678696982119086,0.2378653161507446
3403090012,-0.3407651737631841,-0.1081127533085755,-0.5755684278469881,-0.3064242475550933,0.227567317233147,0.1740353788787544,0.2821481321873299,0.4804596264338476
3403090005,-1.712505720165947,-0.5433175767911413,-0.8279571742113969,-0.4407923399561717,0.0349084679172695,0.0266967529165648,0.5700143297077062,0.4674890928727365
3403090009,-1.482002021924966,-0.4701868950684839,-0.3231796814825793,-0.1720561551540148,0.6271648709952169,0.479633355396428,0.949820250464912,0.6516895105504429
3403090001,-2.323817968363735,-0.7372653606977444,-0.3231796814825793,-0.1720561551540148,0.04546860924112,0.0347727728769645,0.772038133574709,0.2068289280309793
3403130001,-0.9520774219609724,-0.3020605372151788,-0.5755684278469881,-0.3064242475550933,0.1231872015575949,0.0942091841515402,0.396269721366719,0.4006334317066335
3403130007,-2.323817968363735,-0.7372653606977444,-0.5755684278469881,-0.3064242475550933,-0.6034974695151355,-0.4615333697142064,0.275731990983538,-0.1551091221591131
3403130002,0.2369399841135464,0.0751726878909512,-0.5755684278469881,-0.3064242475550933,0.1016615625248837,0.0777471421051987,0.0025744542142474,0.384171389660292
3403130003,-2.323817968363735,-0.7372653606977444,-0.3231796814825793,-0.1720561551540148,-0.8475631352081925,-0.6481860978679116,0.0890792628298328,-0.4761299427138967
3403130006,-2.323817968363735,-0.7372653606977444,1.038646271458029,0.5529601465423691,-0.7719264790762268,-0.5903418772342319,0.1469234834635124,-1.143302023776601
3403130005,-2.323817968363735,-0.7372653606977444,-0.8279571742113969,-0.4407923399561717,-0.0509544831115443,-0.0389681738208627,0.6982971868768816,0.4018241661353089
3403130004,-2.323817968363735,-0.7372653606977444,-2.9469493662452315,-1.568912918855791,-0.4178381205301095,-0.3195477123015105,0.4177176483962339,1.2493652065542806
3403100012,-1.712505720165947,-0.5433175767911413,1.2910350178224377,0.6873282389434476,-0.5708242179058391,-0.4365460306175335,0.1067715461736077,-1.1238742695609811
3403100009,-0.25937752552939,-0.0822913272552775,1.038646271458029,0.5529601465423691,0.166634888685937,0.1274364277765101,0.2097277550317877,-0.4255237187658589
3403100001,-2.323817968363735,-0.7372653606977444,-0.5755684278469881,-0.3064242475550933,-0.4526384721700601,-0.3461617817399953,0.391103578957749,-0.039737534184902
3403100003,0.9564173476359852,0.3034374423393105,1.5434237641868465,0.821696331344526,-0.1051825879235239,-0.0804398969205408,-0.3838773392598514,-0.9021362282650668
3403100005,-0.3407651737631841,-0.1081127533085755,-0.8279571742113969,-0.4407923399561717,-0.2517329735922827,-0.1925164121459662,-0.0844036588373907,0.2482759278102054
3403100011,0.063933655149991,0.0202838905484808,1.5434237641868465,0.821696331344526,-0.2712500799591045,-0.2074423999480144,-0.2277262904964953,-1.0291387312925404
3403100004,-1.712505720165947,-0.5433175767911413,-0.0707909351181705,-0.0376880627529363,-0.1205877125096916,-0.0922211875145734,0.4510963892765678,-0.0545331247616371
3403100010,3.200693742664086,1.0154670713428662,2.048201256915664,1.090432516146683,0.54514948277357,0.4169109076539919,-0.5985561636888743,-0.6735216084926912
3403100008,-1.5565600469285594,-0.4938415229031636,1.2910350178224377,0.6873282389434476,0.1136444970605614,0.0869112636379028,0.5807527865410664,-0.6004169753055448
3403100013,0.4196631244417901,0.1331442862673869,-2.9469493662452315,-1.568912918855791,-0.1555581221605438,-0.1189653112627828,-0.2521095975301698,1.4499476075930082
3403100006,-1.712505720165947,-0.5433175767911413,1.038646271458029,0.5529601465423691,-0.0774235866767354,-0.0592108014686172,0.484106775322524,-0.6121709480109864
3403100007,2.07087672870691,0.6570160396107607,1.2910350178224377,0.6873282389434476,0.0967622394656047,0.0740003143302881,-0.5830157252804725,-0.6133279246131594
3403100002,-2.323817968363735,-0.7372653606977444,1.038646271458029,0.5529601465423691,-0.1651520806354567,-0.1263024289931724,0.6109629317045719,-0.6792625755355415
3403110011,-0.2662071487595909,-0.0844581254738958,-0.8279571742113969,-0.4407923399561717,-0.7841243191350111,-0.5996703508566462,-0.5152122253827504,-0.1588780109004745
3403110003,-1.0266354469645655,-0.3257151650498584,-1.080345920575806,-0.5751604323572503,-1.0484747969839945,-0.8018361808562732,-0.4761210158064147,-0.2266757484990228
3403110004,1.4356742015527535,0.4554887140310465,0.1815978112462382,0.096680029648142,-0.8124655027262602,-0.6213446786298301,-1.0768333926608766,-0.7180247082779722
3403110010,0.2705470744346037,0.0858350305980275,-0.8279571742113969,-0.4407923399561717,-1.2214773707504378,-0.934142387382388,-1.0199774179804155,-0.4933500474262161
3403110005,-1.101193471968159,-0.3493697928845382,-0.8279571742113969,-0.4407923399561717,-1.13536004454328,-0.8682829235687286,-0.5189131306841903,-0.4274905836125569
3403110009,5.8469153332182895,1.855019713592136,0.433986557610647,0.2310481220492204,-0.9605676645567366,-0.7346079369936073,-2.589627650585743,-0.9656560590428276
3403110008,2.369108828721284,0.7516345509494797,-0.3231796814825793,-0.1720561551540148,-0.9389019173876504,-0.7180387452348445,-1.4696732961843242,-0.5459825900808296
3403110002,-0.2662071487595909,-0.0844581254738958,-0.8279571742113969,-0.4407923399561717,-0.8271925439450392,-0.6326073952160056,-0.5481492697421098,-0.1918150552598339
3403110006,-1.0266354469645655,-0.3257151650498584,-1.080345920575806,-0.5751604323572503,-1.2294266665490623,-0.940221725676452,-0.6145065606265936,-0.3650612933192017
3403110007,0.4196631244417901,0.1331442862673869,-0.8279571742113969,-0.4407923399561717,-1.3675599151595692,-1.0458611142757086,-1.1790054005430957,-0.6050687743195369
3403110001,-1.0266354469645655,-0.3257151650498584,-0.5755684278469881,-0.3064242475550933,-1.3840868565584823,-1.0585003304120049,-0.7327851653621464,-0.7520760828569115
3403020005,-0.2662071487595909,-0.0844581254738958,-0.8279571742113969,-0.4407923399561717,0.082834073298701,0.0633485489299872,0.1478066744038831,0.504140888886159
3403020007,-0.9520774219609724,-0.3020605372151788,1.2910350178224377,0.6873282389434476,0.0210261627645192,0.0160800603864413,0.3181405976016201,-0.6712481785570062
3403020002,0.5249410516319533,0.166545253993796,-0.3231796814825793,-0.1720561551540148,0.3343303343275273,0.2556839317384926,0.0891386777446965,0.4277400868925074
3403020001,0.2369399841135464,0.0751726878909512,-0.5755684278469881,-0.3064242475550933,0.4534100787300015,0.34675187895447,0.2715791910635187,0.6531761265095632
3403020003,-2.323817968363735,-0.7372653606977444,-0.8279571742113969,-0.4407923399561717,0.4571806553965016,0.3496354816911206,1.086900842388865,0.7904278216472924
3403020006,1.0309753726395785,0.3270920701739902,-1.080345920575806,-0.5751604323572503,0.0927665312215639,0.070944538981721,-0.2561475311922692,0.6461049713389714
3403020004,-3.0096882415651165,-0.9548677724390274,-0.5755684278469881,-0.3064242475550933,0.1898534774252061,0.1451931774600719,1.1000609498990994,0.4516174250151652
3403010006,-1.0602425372856228,-0.3363775077569347,-0.3231796814825793,-0.1720561551540148,-1.067119283831469,-0.8160948203303054,-0.4797173125733707,-0.6440386651762906
3403010011,-2.323817968363735,-0.7372653606977444,-2.442171873516414,-1.3001767340536343,-0.2409727409177278,-0.1842873694472682,0.5529779912504761,1.115889364606366
3403010009,-2.323817968363735,-0.7372653606977444,-12.700208486493024,-6.761406013571379,-0.6999726743171435,-0.5353141701571852,0.2019511905405592,6.226091843414194
3403010008,-2.323817968363735,-0.7372653606977444,-0.5755684278469881,-0.3064242475550933,-0.5467013469061804,-0.4180977180693492,0.3191676426283952,-0.1116734705142559
3403010010,-1.101193471968159,-0.3493697928845382,-0.5755684278469881,-0.3064242475550933,-0.0489073187902137,-0.0374025754624446,0.3119672174220936,0.2690216720926486
3403010007,-2.323817968363735,-0.7372653606977444,-2.9469493662452315,-1.568912918855791,-0.9741110365493486,-0.7449654255147525,-0.0077000648170081,0.8239474933410386
3403040005,-0.3743722640842415,-0.1187750960156518,0.433986557610647,0.2310481220492204,-0.3304401225142178,-0.252708836302647,-0.1339337402869951,-0.4837569583518675
3403040006,-1.712505720165947,-0.5433175767911413,-0.5755684278469881,-0.3064242475550933,-0.4535141528584572,-0.3468314711410699,0.1964861056500714,-0.0404072235859765
3403040008,-2.323817968363735,-0.7372653606977444,-2.9469493662452315,-1.568912918855791,0.2315077438431122,0.1770488768025649,0.9143142375003094,1.745961795658356
3403040007,-1.712505720165947,-0.5433175767911413,-2.6945606198808227,-1.4345448264547127,-0.3682589065599224,-0.2816312953365372,0.2616862814546041,1.1529135311181755
3403040009,-2.323817968363735,-0.7372653606977444,-2.9469493662452315,-1.568912918855791,-0.0635065265535249,-0.0485675295749652,0.6886978311227792,1.520345389280826
3403060001,-2.323817968363735,-0.7372653606977444,-0.3231796814825793,-0.1720561551540148,0.1486166926646419,0.1136567532195303,0.8509221139172747,0.2857129083735451
3403060005,1.6086805305163092,0.5103775113735171,0.433986557610647,0.2310481220492204,0.2833944185539191,0.2167299575563642,-0.2936475538171528,-0.0143181644928562
3403060004,-1.6379476951623535,-0.5196629489564616,-0.8279571742113969,-0.4407923399561717,0.0175102655141225,0.0133912273962248,0.5330541763526864,0.4541835673523965
3403060002,0.3451050994381972,0.1094896584327073,-0.0707909351181705,-0.0376880627529363,-0.172351591831602,-0.1318083587285891,-0.2412980171612964,-0.0941202959756527
3403060003,-2.323817968363735,-0.7372653606977444,-0.5755684278469881,-0.3064242475550933,-0.1665152964396137,-0.127344967886079,0.6099203928116654,0.1790792796690142
3403080002,3.014028167240129,0.9562446775631592,0.433986557610647,0.2310481220492204,0.0020098580056434,0.0015370678169321,-0.954707609746227,-0.2295110542322883
3403080003,1.5677295958337731,0.4973852262459136,-0.5755684278469881,-0.3064242475550933,0.1503726407773466,0.1149996397939363,-0.3823855864519773,0.4214238873490297
3403080001,0.3451050994381972,0.1094896584327073,-1.080345920575806,-0.5751604323572503,0.2476467926407896,0.1893914464931363,0.0799017880604289,0.7645518788503867
3403080004,0.1959890494310103,0.0621804027633478,-0.5755684278469881,-0.3064242475550933,0.0181899699007285,0.0139110411018429,-0.0482693616615049,0.3203352886569361
3403080008,0.4196631244417901,0.1331442862673869,-1.080345920575806,-0.5751604323572503,0.0776994207536316,0.0594217495461531,-0.0737225367212338,0.6345821819034034
3403080007,7.886790916518905,2.502200184771472,-0.0707909351181705,-0.0376880627529363,-0.1401625389256407,-0.1071913175543599,-2.609391502325832,-0.0695032548014235
3403080009,-0.9520774219609724,-0.3020605372151788,-0.5755684278469881,-0.3064242475550933,-0.0250000445834225,-0.0191191436624623,0.2829413935527164,0.287305103892631
3403080006,-1.712505720165947,-0.5433175767911413,-0.5755684278469881,-0.3064242475550933,-0.170680797216989,-0.1305305945165829,0.4127869822745583,0.1758936530385103
3403080005,-3.0096882415651165,-0.9548677724390274,-0.5755684278469881,-0.3064242475550933,0.1172056340640231,0.089634694379944,1.0445024668189715,0.3960589419350373
3403070003,-1.0841328162419914,-0.3439570494300457,-0.3231796814825793,-0.1720561551540148,-0.0716596954463779,-0.0548027827500792,0.2891542666799664,0.1172533724039355
3403070006,-0.9520774219609724,-0.3020605372151788,1.5434237641868465,0.821696331344526,-0.073219741118567,-0.0559958501155016,0.2460646870996771,-0.8776921814600276
3403070004,-2.323817968363735,-0.7372653606977444,-2.9469493662452315,-1.568912918855791,-0.2762484098339236,-0.2112649446090912,0.5260004160886531,1.3576479742466998
3403070008,-1.6379476951623535,-0.5196629489564616,-2.9469493662452315,-1.568912918855791,0.0042383415621197,0.0032413326682819,0.5229042816247436,1.572154251524073
3403070005,2.2370534344402646,0.7097380387346127,1.038646271458029,0.5529601465423691,-0.0799355862896754,-0.0611318893018644,-0.7708699280364771,-0.6140920358442336
3403070010,-3.0096882415651165,-0.9548677724390274,-2.9469493662452315,-1.568912918855791,-0.3112438759050153,-0.2380282306150569,0.7168395418239705,1.330884688240734
3403070007,-0.9520774219609724,-0.3020605372151788,-1.080345920575806,-0.5751604323572503,-0.3992238732422018,-0.3053121989655824,-0.0032516617504036,0.2698482333916679
3403070009,-3.0096882415651165,-0.9548677724390274,-0.3231796814825793,-0.1720561551540148,-0.5628198423531129,-0.4304245692893264,0.524443203149701,-0.2583684141353116
3403070011,-2.323817968363735,-0.7372653606977444,-0.5755684278469881,-0.3064242475550933,-0.1632364644977363,-0.1248374340001837,0.6124279266975606,0.1815868135549095
3403070001,-2.323817968363735,-0.7372653606977444,-2.9469493662452315,-1.568912918855791,-0.0142997479482859,-0.0109359379119495,0.7263294227857948,1.5579769809438415
3403070002,-1.6379476951623535,-0.5196629489564616,-0.5755684278469881,-0.3064242475550933,-0.0559570779685739,-0.0427939801884268,0.4768689687680347,0.2636302673666664
3403050010,-2.323817968363735,-0.7372653606977444,-2.9469493662452315,-1.568912918855791,-0.3495980422683669,-0.2673601309765927,0.4699052297211517,1.3015527878791984
3403050012,-1.6379476951623535,-0.5196629489564616,-2.9469493662452315,-1.568912918855791,0.0551662704421243,0.0421891987586541,0.5618521477151157,1.611102117614445
3403050007,-2.323817968363735,-0.7372653606977444,-1.080345920575806,-0.5751604323572503,-0.3141918898836413,-0.2402827667055114,0.496982593992233,0.3348776656517389
3403050011,-2.323817968363735,-0.7372653606977444,-1.080345920575806,-0.5751604323572503,-0.166597879294874,-0.1274081243124009,0.6098572363853434,0.4477523080448494
3403050015,-1.712505720165947,-0.5433175767911413,-0.8279571742113969,-0.4407923399561717,-0.1823912147320519,-0.1394863047382505,0.4038312720528907,0.3013060352179211
3403050013,-1.712505720165947,-0.5433175767911413,-2.9469493662452315,-1.568912918855791,-0.2954974415327665,-0.2259859184531742,0.3173316583379671,1.3429270004026168
3403050016,-2.323817968363735,-0.7372653606977444,-2.9469493662452315,-1.568912918855791,-0.3063926172894114,-0.2343181608147417,0.5029471998830026,1.334594758041049
3403050014,1.0787559305523158,0.342251153520212,0.1815978112462382,0.096680029648142,-0.3012323823800447,-0.2303717969498686,-0.5726229504700806,-0.3270518265980106
3403150008,-1.712505720165947,-0.5433175767911413,-1.080345920575806,-0.5751604323572503,0.0933872426396097,0.0714192369661565,0.6147368137572979,0.6465796693234069
3403150007,-1.7700030894433727,-0.5615594611713285,1.038646271458029,0.5529601465423691,0.223441479277846,0.1708800849618889,0.7324395461332174,-0.3820800615804802
3403150010,-2.323817968363735,-0.7372653606977444,-0.5755684278469881,-0.3064242475550933,-0.1179436357527992,-0.0901990917858672,0.6470662689118771,0.216225155769226
3403150001,-1.712505720165947,-0.5433175767911413,-0.8279571742113969,-0.4407923399561717,0.2495865376990526,0.1908748944251481,0.7341924712162895,0.6316672343813199
3403150005,-0.9520774219609724,-0.3020605372151788,-1.080345920575806,-0.5751604323572503,-0.0892057760779148,-0.0682214002724635,0.2338391369427152,0.5069390320847867
3403150002,-2.323817968363735,-0.7372653606977444,-0.8279571742113969,-0.4407923399561717,0.1043725747470707,0.0798204276936994,0.8170857883914439,0.5206127676498712
3403150004,-2.323817968363735,-0.7372653606977444,-0.8279571742113969,-0.4407923399561717,-0.4567224059944164,-0.3492850288700277,0.3879803318277166,0.0915073110861439
3403150006,-2.323817968363735,-0.7372653606977444,-0.5755684278469881,-0.3064242475550933,-0.2153472217453776,-0.1646898850969314,0.572575475600813,0.1417343624581619
3403150003,3.143196373386661,0.9972251869626793,-0.3231796814825793,-0.1720561551540148,0.1072846105257529,0.0820474489382844,-0.9151777380243946,0.2541036040922993
3403150009,-2.323817968363735,-0.7372653606977444,-0.3231796814825793,-0.1720561551540148,0.1591953575982312,0.1217469393768966,0.859012300074641,0.2938030945309114
3403140005,-2.323817968363735,-0.7372653606977444,1.5434237641868465,0.821696331344526,0.2975765476465256,0.2275759447567602,0.9648413054545046,-0.5941203865877658
3403140002,-1.6379476951623535,-0.5196629489564616,-0.8279571742113969,-0.4407923399561717,-0.3507558734654533,-0.2682455990372638,0.2514173499191977,0.1725467409189078
3403140004,-2.323817968363735,-0.7372653606977444,-0.8279571742113969,-0.4407923399561717,-0.1788383067162491,-0.1367691672328762,0.6004961934648682,0.3040231727232955
3403140003,-1.290746235526604,-0.4095081894795923,-0.3231796814825793,-0.1720561551540148,-0.1417086669833494,-0.108373741223936,0.3011344482556563,0.0636824139300787
3403140006,-0.9520774219609724,-0.3020605372151788,-0.8279571742113969,-0.4407923399561717,-0.3657039724934283,-0.2796773727624226,0.0223831644527561,0.161114967193749
3403140001,-1.0266354469645655,-0.3257151650498584,-0.8279571742113969,-0.4407923399561717,-0.0730862788805122,-0.0558937829494064,0.269821382100452,0.3848985570067653
3403120004,-2.323817968363735,-0.7372653606977444,-1.080345920575806,-0.5751604323572503,-0.223668610848202,-0.171053787097076,0.5662115736006683,0.4041066452601742
3403120005,-2.323817968363735,-0.7372653606977444,-1.080345920575806,-0.5751604323572503,-0.4855417311060175,-0.3713250222478507,0.3659403384498936,0.2038354101093996
3403120002,-1.482002021924966,-0.4701868950684839,-0.5755684278469881,-0.3064242475550933,-0.1524209751348353,-0.1165661329543345,0.3536207621141493,0.1898581146007587
3403120003,-2.323817968363735,-0.7372653606977444,-2.6945606198808227,-1.4345448264547127,-0.3255375227612966,-0.248959502629146,0.4883058580685984,1.1855853238255667
3403120001,-1.712505720165947,-0.5433175767911413,-0.3231796814825793,-0.1720561551540148,-0.6050247992381538,-0.4627014170869578,0.0806161597041835,-0.2906452619329429
3403120006,-2.323817968363735,-0.7372653606977444,-2.9469493662452315,-1.568912918855791,-0.4658617753986793,-0.3562744930704349,0.3809908676273094,1.2126384257853562
3403120007,-2.323817968363735,-0.7372653606977444,-2.6945606198808227,-1.4345448264547127,-0.7316483033043542,-0.5595385630051452,0.1777267976925992,0.8750062634495676
3403030002,-2.323817968363735,-0.7372653606977444,-0.5755684278469881,-0.3064242475550933,-0.0253842906515195,-0.0194130013695223,0.717852359328222,0.2870112461855709
3403030007,0.063933655149991,0.0202838905484808,-0.8279571742113969,-0.4407923399561717,0.0002670401228349,0.0002042227746869,-0.0200796677737939,0.4409965627308586
3403030004,-1.712505720165947,-0.5433175767911413,-2.9469493662452315,-1.568912918855791,-0.0493611166091327,-0.0377496238712853,0.505567952919856,1.5311632949845058
3403030005,1.186921045876966,0.3765681240619679,-0.3231796814825793,-0.1720561551540148,-0.230745038599909,-0.1764655869980904,-0.5530337110600584,-0.0044094318440756
3403030001,-3.0096882415651165,-0.9548677724390274,-0.5755684278469881,-0.3064242475550933,-0.327775719941958,-0.2506711961142992,0.7041965763247282,0.055753051440794
3403030006,-2.323817968363735,-0.7372653606977444,-2.9469493662452315,-1.568912918855791,-0.2544055911070999,-0.1945603348297876,0.5427050258679568,1.3743525840260034
3403030003,-2.323817968363735,-0.7372653606977444,-1.080345920575806,-0.5751604323572503,-0.0725688792287746,-0.0554980941241537,0.6817672665735907,0.5196623382330966
3403051001,-2.323817968363735,-0.7372653606977444,-13.20498597922184,-7.030142198373535,-0.347610911360406,-0.2658404440344896,0.4714249166632548,6.764301754339045
3403051002,-1.712505720165947,-0.5433175767911413,-0.5755684278469881,-0.3064242475550933,-0.2641773580513128,-0.2020334341444342,0.3412841426467071,0.104390813410659
3403051006,0.2369399841135464,0.0751726878909512,-0.3231796814825793,-0.1720561551540148,-0.2607051254948662,-0.1993779943569306,-0.2745506822478819,-0.0273218392029158
3403051003,-2.323817968363735,-0.7372653606977444,-0.8279571742113969,-0.4407923399561717,-0.2558664875798918,-0.1956775764189411,0.5415877842788033,0.2451147635372305
3403051005,-1.6379476951623535,-0.5196629489564616,-13.20498597922184,-7.030142198373535,-0.2443985066081617,-0.1869072730306711,0.3327556759257904,6.843234925342864
3403051007,-2.323817968363735,-0.7372653606977444,-0.8279571742113969,-0.4407923399561717,-0.6551102878848127,-0.5010050148923425,0.2362603458054019,-0.0602126749361707
3403051008,-2.323817968363735,-0.7372653606977444,-2.6945606198808227,-1.4345448264547127,-0.7268424869955613,-0.5558632458625452,0.1814021148351992,0.8786815805921675
3403051004,-2.323817968363735,-0.7372653606977444,-0.8279571742113969,-0.4407923399561717,-0.4465944164083027,-0.3415395031665564,0.395725857531188,0.0992528367896153
3403041001,0.1214310244274167,0.038525774928668,-0.0707909351181705,-0.0376880627529363,-0.4585525346319001,-0.3506846460676723,-0.3892104209963403,-0.3129965833147359
3403041003,-2.323817968363735,-0.7372653606977444,-0.8279571742113969,-0.4407923399561717,0.0281882462515752,0.0215573667430217,0.7588227274407662,0.4623497066991935
3403041005,-2.323817968363735,-0.7372653606977444,-0.5755684278469881,-0.3064242475550933,-0.0084125555188058,-0.0064336228279825,0.7308317378697619,0.2999906247271107
3403041002,-0.1102614755222032,-0.034982071585918,-0.5755684278469881,-0.3064242475550933,-0.179340168970525,-0.1371529736099509,-0.1021709020240328,0.1692712739451423
3403041004,-2.323817968363735,-0.7372653606977444,-2.9469493662452315,-1.568912918855791,-0.1026141011279994,-0.0784756097019759,0.6587897509957685,1.4904373091538152
3403011002,-3.0096882415651165,-0.9548677724390274,-0.8279571742113969,-0.4407923399561717,-1.4910842238509847,-1.1403281059563375,-0.18546033351731,-0.6995357660001658
3403011003,-0.3407651737631841,-0.1081127533085755,-0.5755684278469881,-0.3064242475550933,-0.8418912184322003,-0.6438484179361872,-0.5357356646276117,-0.3374241703810939
3403011005,-2.323817968363735,-0.7372653606977444,-0.3231796814825793,-0.1720561551540148,-0.8984562344055776,-0.6871073274575569,0.0501580332401875,-0.515051172303542
3403011001,-2.323817968363735,-0.7372653606977444,-0.3231796814825793,-0.1720561551540148,-1.3706796242410202,-1.048246956665482,-0.3109815959677375,-0.8761908015114671
3403011004,-1.712505720165947,-0.5433175767911413,-0.8279571742113969,-0.4407923399561717,-0.7516561758056994,-0.5748398712670955,-0.0315222944759541,-0.1340475313109237
3471140004,-3.0096882415651165,-0.9548677724390274,-0.5755684278469881,-0.3064242475550933,3.0608327703615896,2.3408158840692947,3.2956836565083223,2.647240131624388
3471140001,-2.3983759933673285,-0.7609199885324243,-0.3231796814825793,-0.1720561551540148,2.477378961935917,1.8946111924545368,2.6555311809869613,2.0666673476085515
3471140003,-0.3665222324324061,-0.1162845582471732,0.1815978112462382,0.096680029648142,2.476000285389289,1.893556829736459,2.009841387983632,1.7968768000883169
3471140002,-1.902058483724392,-0.6034559733861955,-1.080345920575806,-0.5751604323572503,2.3276775360339217,1.7801248738903848,2.3835808472765803,2.355285306247635
3471130001,-0.3323167243365686,-0.1054323587171539,2.8053674960088903,1.4935367933499182,3.490979872611331,2.6697770671768657,2.77520942589402,1.1762402738269475
3471130003,1.3524197736061063,0.4290750247122618,2.552978749644482,1.35916870094884,4.096011399571303,3.1324836293858467,2.703408604673585,1.7733149284370069
3471130002,8.0006913302661,2.538336762923537,1.038646271458029,0.5529601465423691,4.728773472956288,3.616397525812542,1.078060762889005,3.063437379270173
3471060005,13.5854238418329,4.310175127888033,1.5434237641868465,0.821696331344526,4.182217156422619,3.198410721806495,-1.1117644060815377,2.376714390461969
3471060003,1.6404208411245134,0.5204475908151066,2.300590003280073,1.2248006085477614,3.678220538485487,2.812972059424077,2.29252446860897,1.5881714508763152
3471060004,9.258625939822648,2.937434982437656,2.300590003280073,1.2248006085477614,3.8915285249980576,2.9761024100470794,0.0386674276094232,1.751301801499318
3471060001,-1.290746235526604,-0.4095081894795923,2.552978749644482,1.35916870094884,2.9933300839031034,2.289192233731577,2.6987004232111693,0.9300235327827372
3471060002,6.705543981866788,2.127432255783206,1.5434237641868465,0.821696331344526,3.3516647256358274,2.5632338048041285,0.4358015490209226,1.7415374734596023
3471070001,-2.455873362644754,-0.7791618729126114,1.4435415430682823,0.7685204916535343,4.554061762566302,3.482784232471632,4.261946105384244,2.7142637408180974
3471070002,-1.2332488662491785,-0.3912663050994052,-1.080345920575806,-0.5751604323572503,4.480758919107517,3.426724828646216,3.817991133745621,4.001885261003466
3471070003,1.6730075230239358,0.5307861939723225,-0.0707909351181705,-0.0376880627529363,3.661747401637233,2.8003739910917496,2.269587797119427,2.838062053844686
3471120001,-0.4489302890878349,-0.1424297238503316,-0.3231796814825793,-0.1720561551540148,3.407565596478725,2.6059847997847863,2.748414523635118,2.778040954938801
3471120002,0.1872926464879563,0.0594213412792427,-1.080345920575806,-0.5751604323572503,4.877366297786538,3.730036025762438,3.670614684483196,4.305196458119688
3471100001,0.8903077720590074,0.2824632090960523,-1.080345920575806,-0.5751604323572503,3.2665825162597497,2.4981659614747773,2.215702752378725,3.073326393832028
3471100002,-0.3914329198104093,-0.1241878394701444,-1.080345920575806,-0.5751604323572503,3.5477915110613054,2.7132245847843017,2.8374124242544463,3.288385017141552
3471110002,-0.828634233979505,-0.2628963738633827,1.2910350178224377,0.6873282389434476,2.6100168900709457,1.996047955682813,2.258944329546196,1.3087197167393654
3471110003,1.6995370365983544,0.5392030715680972,2.048201256915664,1.090432516146683,2.7609967679829537,2.1115119888091702,1.572308917241073,1.0210794726624872
3471110001,0.7736942073077411,0.2454658439628747,1.038646271458029,0.5529601465423691,2.5412897902961333,1.9434879176511075,1.6980220736882323,1.3905277711087385
3471010002,0.0131817124592641,0.0041820917658779,1.5434237641868465,0.821696331344526,2.597449073012979,1.9864365368290184,1.9822544450631403,1.1647402054844922
3471010003,0.1872926464879563,0.0594213412792427,1.038646271458029,0.5529601465423691,3.0875969007654174,2.361284137735169,2.3018627964559264,1.8083239911928
3471010001,-0.068121739131028,-0.0216126216663859,1.5434237641868465,0.821696331344526,2.353597449130559,1.7999475002284897,1.821560121894876,0.9782511688839636
3471020002,-3.0096882415651165,-0.9548677724390274,0.7862575250936199,0.4185920541412906,3.588687416049475,2.7445003163161448,3.699368088755172,2.3259082621748544
3471020001,-2.455873362644754,-0.7791618729126114,0.7862575250936199,0.4185920541412906,3.1217638500790827,2.387413803634613,3.1665756765472244,1.9688217494933224
3471020003,-3.0096882415651165,-0.9548677724390274,1.038646271458029,0.5529601465423691,3.412918444392658,2.61007846721519,3.5649462396542178,2.057118320672821
3471090001,3.99448117767368,1.2673077867332216,1.5434237641868465,0.821696331344526,4.30479177635923,3.2921514253528303,2.0248436386196085,2.4704550940083045
3471090002,5.517124993567048,1.7503888875000182,1.038646271458029,0.5529601465423691,5.064800403591127,3.873378953978629,2.1229900664786108,3.32041880743626
3471080001,-2.3983759933673285,-0.7609199885324243,1.2910350178224377,0.6873282389434476,4.321397380962511,3.304850800306053,4.065770788838478,2.6175225613626054
3471080002,-1.8445611144469665,-0.5852140890060084,1.038646271458029,0.5529601465423691,3.682282579867578,2.8160785639940147,3.401292653000023,2.2631184174516457
3471030003,-1.151945414658886,-0.3654715916671411,1.5434237641868465,0.821696331344526,3.1238635215512924,2.3890195575918587,2.754491149259,1.567323226247333
3471030002,6.256838636849583,1.98507389874113,0.7862575250936199,0.4185920541412906,3.245770543261412,2.482249705792644,0.4971758070515133,2.0636576516513525
3471030001,2.0543302941120207,0.651766440358177,1.2910350178224377,0.6873282389434476,3.02708114171182,2.315003840620983,1.663237400262806,1.6276756016775351
3471040003,-1.0027451680081971,-0.3181356233767476,1.2910350178224377,0.6873282389434476,2.7720325191246373,2.119951738218296,2.438087361595043,1.4326234992748477
3471040005,-0.2748193550591428,-0.0871904743369667,1.2910350178224377,0.6873282389434476,2.954974525946978,2.259859269129453,2.34704974346642,1.572531030186005
3471040007,-0.4489302890878349,-0.1424297238503316,-0.8279571742113969,-0.4407923399561717,3.064095674821539,2.343311237184306,2.485740961034637,2.7841035771404776
3471040006,1.3866252817019435,0.439927224242281,1.2910350178224377,0.6873282389434476,2.6388955772535128,2.018133347058192,1.5782061228159106,1.330805108114744
3471040004,1.2694974958193996,0.4027667149071947,1.2910350178224377,0.6873282389434476,3.1753070190359765,2.42836171218791,2.025594997280716,1.741033473244463
3471040002,0.6006878783441856,0.1905770466204043,3.8149224814665255,2.031009162954232,2.621419939001296,2.004768601358542,1.814191554738137,-0.0262405615956899
3471040001,0.1623819591099531,0.0515180600562715,1.2910350178224377,0.6873282389434476,1.995930214419497,1.5264163382748466,1.474898278218575,0.8390880993313989
3471050001,-1.0602425372856228,-0.3363775077569347,2.300590003280073,1.2248006085477614,2.5477385818191287,1.9484197237191323,2.284797231476067,0.7236191151713709
3471050002,1.2358062088548398,0.3920776595790841,1.7958125105512552,0.9560644237456044,2.603136415586168,1.990786013861013,1.598708354281929,1.0347215901154083
3471050003,0.6233893555919154,0.1977794235015867,1.5434237641868465,0.821696331344526,2.2967744002383705,1.756491256321258,1.5587118328196714,0.934794924976732
3401010003,-1.7700030894433727,-0.5615594611713285,1.038646271458029,0.5529601465423691,0.7555102226721925,0.5777873090397146,1.1393467702110431,0.0248271624973455
3401010010,-1.0266354469645655,-0.3257151650498584,1.038646271458029,0.5529601465423691,-1.2615374157930792,-0.9647788829989936,-0.6390637179491353,-1.5177390295413629
3401010012,1.309259628793297,0.4153818352428696,1.7958125105512552,0.9560644237456044,-0.4244076521374906,-0.3245718560856337,-0.7399536913285034,-1.2806362798312385
3401010015,-2.323817968363735,-0.7372653606977444,-1.080345920575806,-0.5751604323572503,-0.205987343993772,-0.1575317839663959,0.5797335767313485,0.4176286483908544
3401010013,-1.712505720165947,-0.5433175767911413,0.7862575250936199,0.4185920541412906,-0.3418055534561257,-0.2614007130806677,0.2819168637104736,-0.6799927672219583
3401010011,0.6923065590739467,0.2196444179095766,1.2910350178224377,0.6873282389434476,-0.9583853032105007,-0.7329389447658992,-0.9525833626754758,-1.4202671837093468
3401010007,-2.323817968363735,-0.7372653606977444,-0.8279571742113969,-0.4407923399561717,-0.6221962488385834,-0.4758335301401098,0.2614318305576346,-0.035041190183938
3401010006,-0.4153231987667777,-0.1317673811432553,-1.080345920575806,-0.5751604323572503,-0.6921165586900034,-0.5293060927394432,-0.3975387115961878,0.0458543396178071
3401010009,-1.6379476951623535,-0.5196629489564616,0.7862575250936199,0.4185920541412906,-1.3333535328975632,-1.0197012914618702,-0.5000383425054086,-1.4382933456031608
3401010002,-2.323817968363735,-0.7372653606977444,0.7862575250936199,0.4185920541412906,0.074030261268833,0.0566157070578581,0.7938810677556026,-0.3619763470834324
3401010005,-2.323817968363735,-0.7372653606977444,0.7862575250936199,0.4185920541412906,-0.968622167786066,-0.7407677341834663,-0.0035023734857219,-1.1593597883247568
3401010008,-2.323817968363735,-0.7372653606977444,1.038646271458029,0.5529601465423691,-0.7009125374191216,-0.5360329439821601,0.2012324167155843,-1.088993090524529
3401010004,-1.7700030894433727,-0.5615594611713285,-0.8279571742113969,-0.4407923399561717,0.6676485941604926,0.5105938649509394,1.072153326122268,0.9513862049071112
3401010001,-2.323817968363735,-0.7372653606977444,-0.8279571742113969,-0.4407923399561717,-0.2408139128387094,-0.1841659033894677,0.5530994573082766,0.256626436566704
3401010014,-2.323817968363735,-0.7372653606977444,-1.080345920575806,-0.5751604323572503,-0.7620567650079846,-0.5827938714477433,0.1544714892500011,-0.0076334390904929
3401020001,1.5677295958337731,0.4973852262459136,-0.5755684278469881,-0.3064242475550933,-0.1199110957696711,-0.0917037351310902,-0.5890889613770038,0.214720512424003
3401020003,-0.3407651737631841,-0.1081127533085755,-0.5755684278469881,-0.3064242475550933,-0.7811067493760985,-0.5973626209828199,-0.4892498676742444,-0.2909383734277266
3401020005,1.186921045876966,0.3765681240619679,-0.5755684278469881,-0.3064242475550933,-0.3270008943363456,-0.2500786370883492,-0.6266467611503173,0.056345610466744
3401020004,-0.9520774219609724,-0.3020605372151788,-1.080345920575806,-0.5751604323572503,-1.005422363846843,-0.7689112134058723,-0.4668506761906935,-0.1937507810486219
3401020002,-0.9520774219609724,-0.3020605372151788,-1.080345920575806,-0.5751604323572503,-0.8075199384495662,-0.6175624872188294,-0.3155019500036506,-0.0424020548615791
3401020008,13.419503123456902,4.2575343445108205,0.9387640503394648,0.4997843068513774,0.6308048190322654,0.4824170580099176,-3.775117286500903,-0.0173672488414598
3401020006,3.5985629483470607,1.1416969169813045,-0.3231796814825793,-0.1720561551540148,-0.3063656663630183,-0.2342975497061564,-1.3759944666874606,-0.0622413945521416
3401020007,2.56549121550993,0.8139397457631522,-0.3231796814825793,-0.1720561551540148,-0.1000668499928437,-0.0765275627601034,-0.8904673085232556,0.0955285923939114
3401030009,-0.2423168698032224,-0.0768785838007849,-0.8279571742113969,-0.4407923399561717,-0.5961352401044107,-0.4559029988838682,-0.3790244150830832,-0.0151106589276965
3401030004,-2.323817968363735,-0.7372653606977444,-0.8279571742113969,-0.4407923399561717,-0.951829869829142,-0.7279255828028965,0.0093397778948478,-0.2871332428467248
3401030007,-1.6379476951623535,-0.5196629489564616,-0.8279571742113969,-0.4407923399561717,-0.4133461029324232,-0.3161123772364913,0.2035505717199702,0.1246799627196804
3401030002,-0.39826254304061,-0.1263546376887627,-1.080345920575806,-0.5751604323572503,-0.5213198376708775,-0.3986868438278826,-0.2723322061391199,0.1764735885293677
3401030011,-0.9520774219609724,-0.3020605372151788,-0.8279571742113969,-0.4407923399561717,-0.6588885249614002,-0.5038944760377845,-0.2018339388226057,-0.0631021360816127
3401030006,-0.9520774219609724,-0.3020605372151788,1.5434237641868465,0.821696331344526,-1.4257143997669957,-1.0903355927957636,-0.7882750555805849,-1.9120319241402897
3401030003,-0.9520774219609724,-0.3020605372151788,-0.5755684278469881,-0.3064242475550933,-0.8492983242613306,-0.6495131086529434,-0.3474525714377646,-0.3430888610978501
3401030010,-2.323817968363735,-0.7372653606977444,-0.8279571742113969,-0.4407923399561717,-0.9346976800456124,-0.7148234942593796,0.0224418664383647,-0.2740311543032079
3401030005,0.4196631244417901,0.1331442862673869,1.2910350178224377,0.6873282389434476,-1.0086016045865862,-0.7713425834875485,-0.9044868697549354,-1.458670822430996
3401030001,-0.39826254304061,-0.1263546376887627,-0.5755684278469881,-0.3064242475550933,-0.6960535602835741,-0.5323169713327051,-0.4059623336439423,-0.2258927237776117
3401030008,-0.3407651737631841,-0.1081127533085755,-1.080345920575806,-0.5751604323572503,-0.7624573645928419,-0.5831002357419529,-0.4749874824333774,-0.0079398033847025
3401040004,-0.2662071487595909,-0.0844581254738958,-1.080345920575806,-0.5751604323572503,-0.3528943893190676,-0.2698810597938745,-0.1854229343199787,0.3052793725633758
3401040006,-0.2662071487595909,-0.0844581254738958,0.7862575250936199,0.4185920541412906,-0.1610751641674023,-0.1231845484873001,-0.0387264230134043,-0.5417766026285908
3401040001,1.4356742015527535,0.4554887140310465,-0.5755684278469881,-0.3064242475550933,-0.4048458697220175,-0.3096117016328188,-0.7651004156638654,-0.0031874540777255
3401040003,-0.2662071487595909,-0.0844581254738958,-1.080345920575806,-0.5751604323572503,-0.1964647243620814,-0.1502492236424034,-0.0657910981685075,0.4249112087148469
3401040007,-2.323817968363735,-0.7372653606977444,-0.8279571742113969,-0.4407923399561717,-0.4212090193587152,-0.3221256556631985,0.4151397050345459,0.1186666842929732
3401040002,-1.6379476951623535,-0.5196629489564616,-0.8279571742113969,-0.4407923399561717,-0.4255531453190569,-0.3254478884714823,0.1942150604849792,0.1153444514846893
3401040005,-0.3743722640842415,-0.1187750960156518,-0.5755684278469881,-0.3064242475550933,-0.1497522525770254,-0.1145251889949044,0.0042499070207474,0.1918990585601888
3401050004,-0.9520774219609724,-0.3020605372151788,-0.8279571742113969,-0.4407923399561717,-0.97699608978307,-0.7471718114699978,-0.445111274254819,-0.306379471513826
3401050001,-2.323817968363735,-0.7372653606977444,1.038646271458029,0.5529601465423691,-0.2312263107948484,-0.1768336468311475,0.5604317138665968,-0.7297937933735167
3401050006,0.3114980091171399,0.098827315725631,-1.080345920575806,-0.5751604323572503,-0.8851136087190425,-0.6769033625612509,-0.775730678286882,-0.1017429302040006
3401050003,0.8818593226323918,0.2797828145046308,-0.3231796814825793,-0.1720561551540148,-0.5099747490578961,-0.3900105241384853,-0.6697933386431161,-0.2179543689844705
3401050002,-0.39826254304061,-0.1263546376887627,0.433986557610647,0.2310481220492204,-0.3876889333280646,-0.2964906877630584,-0.1701360500742957,-0.5275388098122789
3401050005,0.2705470744346037,0.0858350305980275,-0.3231796814825793,-0.1720561551540148,-0.9681805095177036,-0.7404299696705128,-0.8262650002685403,-0.5683738145164979
3401060002,-0.9520774219609724,-0.3020605372151788,-0.3231796814825793,-0.1720561551540148,-0.2229733730276041,-0.1705220939744004,0.1315384432407783,0.0015340611796143
3401060005,-0.9520774219609724,-0.3020605372151788,-0.3231796814825793,-0.1720561551540148,-0.6613779675932429,-0.5057983130953079,-0.2037377758801291,-0.333742157941293
3401060004,2.7146072655171163,0.8612490014325116,-0.8279571742113969,-0.4407923399561717,-0.2352050072445108,-0.1798764121652888,-1.0411254135978003,0.2609159277908829
3401060007,3.22917423259486,1.0245029248251616,2.300590003280073,1.2248006085477614,-0.6622586641580809,-0.5064718384600323,-1.5309747632851938,-1.7312724470077936
3401060003,-0.2662071487595909,-0.0844581254738958,1.038646271458029,0.5529601465423691,-0.129774262041324,-0.0992467333959625,-0.0147886079220666,-0.6522068799383316
3401060008,0.2876077301607713,0.0912477740525201,-1.080345920575806,-0.5751604323572503,-0.9175520878886696,-0.7017111560580331,-0.7929589301105533,-0.1265507237007828
3401060006,-0.9520774219609724,-0.3020605372151788,1.2910350178224377,0.6873282389434476,-1.1060983630436516,-0.8459046317808975,-0.5438440945657187,-1.533232870724345
3401060001,-0.39826254304061,-0.1263546376887627,-0.3231796814825793,-0.1720561551540148,-0.7116876613710275,-0.5442733749993884,-0.4179187373106257,-0.3722172198453736
3401070002,-1.0266354469645655,-0.3257151650498584,-0.5755684278469881,-0.3064242475550933,-1.40730544748125,-1.076257081765429,-0.7505419167155702,-0.7698328342103353
3401070001,-1.0266354469645655,-0.3257151650498584,-0.5755684278469881,-0.3064242475550933,-0.7945099801374247,-0.6076129344817348,-0.2818977694318764,-0.3011886869266415
3401070005,8.108252383972559,2.572462086050184,1.5434237641868465,0.821696331344526,-0.5994396474080245,-0.4584300918954933,-3.030892177945677,-1.2801264232400194
3401070003,-0.39826254304061,-0.1263546376887627,-0.5755684278469881,-0.3064242475550933,-0.6367079831722939,-0.4869315876892423,-0.3605769500004795,-0.1805073401341489
3401070006,-0.9520774219609724,-0.3020605372151788,-0.5755684278469881,-0.3064242475550933,-1.1668690797235768,-0.892379911406788,-0.5903193741916092,-0.5859556638516947
3401070004,0.8073012976287981,0.2561281866699509,-0.0707909351181705,-0.0376880627529363,-0.633246005294046,-0.4842839903143808,-0.7404121769843317,-0.4465959275614444
3401070007,-0.7961317487235846,-0.2525844833272009,-2.6945606198808227,-1.4345448264547127,-1.6118063785497654,-1.232652110068654,-0.9800676267414532,0.2018927163860586
3401080004,0.4196631244417901,0.1331442862673869,1.038646271458029,0.5529601465423691,-2.0864822400447536,-1.5956673022512973,-1.7288115885186843,-2.1486274487936665
3401080001,-1.0841328162419914,-0.3439570494300457,-0.5755684278469881,-0.3064242475550933,-1.41115631805178,-1.0792020904200263,-0.7352450409899807,-0.772777842864933
3401080002,2.219992778714097,0.7043252952801202,-0.3231796814825793,-0.1720561551540148,-1.3659939261194354,-1.044663501634169,-1.7489887969142892,-0.8726073464801541
3401080005,-0.2662071487595909,-0.0844581254738958,-1.080345920575806,-0.5751604323572503,-2.221851627668196,-1.6991929884090071,-1.6147348629351113,-1.1240325560517568
3401080003,-0.3407651737631841,-0.1081127533085755,-0.3231796814825793,-0.1720561551540148,-1.5319282167903758,-1.1715641370022434,-1.063451383693668,-0.9995079818482284
3401090003,-1.712505720165947,-0.5433175767911413,-0.8279571742113969,-0.4407923399561717,-1.269456781723372,-0.97083533199578,-0.4275177552046385,-0.5300429920396081
3401090004,-2.323817968363735,-0.7372653606977444,-2.9469493662452315,-1.568912918855791,-1.871429579988665,-1.431202687442832,-0.6939373267450877,0.137710231412959
3401090002,1.8152939498009213,0.5759286514230636,-1.080345920575806,-0.5751604323572503,-1.493112312432879,-1.1418791158686616,-1.7178077672917254,-0.5667186835114113
3401090001,0.2130497051571778,0.0675931462178403,0.1815978112462382,0.096680029648142,-1.9708831846169224,-1.5072612619902648,-1.574854408208105,-1.6039412916384068
3401100004,-0.9520774219609724,-0.3020605372151788,1.038646271458029,0.5529601465423691,-1.1262910685998,-0.8613472937799007,-0.5592867565647219,-1.4143074403222695
3401100006,-1.6379476951623535,-0.5196629489564616,1.038646271458029,0.5529601465423691,-1.1465213067758224,-0.8768186593897717,-0.35715571043331,-1.4297788059321408
3401100003,1.5677295958337731,0.4973852262459136,1.2910350178224377,0.6873282389434476,-0.8136131572485323,-0.6222223639320694,-1.1196075901779832,-1.309550602875517
3401100005,1.309259628793297,0.4153818352428696,1.5434237641868465,0.821696331344526,-0.7221931847743477,-0.5523076251195113,-0.9676894603623808,-1.3740039564640374
3401100001,-1.6379476951623535,-0.5196629489564616,-0.3231796814825793,-0.1720561551540148,-1.241952250718392,-0.9498008463212398,-0.4301378973647782,-0.777744691167225
3401100002,0.4196631244417901,0.1331442862673869,0.7862575250936199,0.4185920541412906,-1.289468694761228,-0.9861397303161404,-1.1192840165835274,-1.404731784457431
3401120007,2.328157894038748,0.7386422658218763,-0.5755684278469881,-0.3064242475550933,-1.9496817723293725,-1.4910471770105302,-2.2296894428324068,-1.184622929455437
3401120001,-0.9520774219609724,-0.3020605372151788,-1.080345920575806,-0.5751604323572503,-1.980201818941738,-1.5143878216169722,-1.2123272844017934,-0.9392273892597218
3401120003,-0.2662071487595909,-0.0844581254738958,-1.080345920575806,-0.5751604323572503,-1.5648374224210284,-1.1967319253303963,-1.1122737998565004,-0.621571492973146
3401120004,-1.6379476951623535,-0.5196629489564616,-0.5755684278469881,-0.3064242475550933,-1.6316715580859191,-1.247844291833169,-0.7281813428767073,-0.9414200442780756
3401120006,1.0309753726395785,0.3270920701739902,-0.5755684278469881,-0.3064242475550933,-1.8360604612552924,-1.4041536451892656,-1.7312457153632557,-1.0977293976341722
3401120002,-2.323817968363735,-0.7372653606977444,-0.8279571742113969,-0.4407923399561717,-1.7193394892941676,-1.314889603123246,-0.5776242424255016,-0.8740972631670743
3401120005,2.980421076919072,0.945582334856083,-0.8279571742113969,-0.4407923399561717,-1.732098159298907,-1.324646979513059,-2.2702293143691423,-0.8838546395568876
3401110001,5.349923242997992,1.6973416778558874,2.300590003280073,1.2248006085477614,-1.4509945027045632,-1.1096689151125445,-2.807010592968432,-2.3344695236603057
3401110002,1.7168456458409602,0.5446944819152733,-0.8279571742113969,-0.4407923399561717,-1.4334622454341608,-1.0962608692044045,-1.6409553511196775,-0.6554685292482327
3401110003,0.4196631244417901,0.1331442862673869,-0.5755684278469881,-0.3064242475550933,-1.5537346714248603,-1.188240936818918,-1.3213852230863048,-0.8818166892638246
3401110004,1.5847902515599404,0.502797969700406,0.1815978112462382,0.096680029648142,-1.7041690166394825,-1.3032877659687352,-1.806085735669141,-1.3999677956168772
3404050002,3.334452159785022,1.0579038925515702,1.9483190357971,1.0372566764556912,0.5856425722548064,0.4478785802333468,-0.6100253123182234,-0.5893780962223444
3404050001,-0.25937752552939,-0.0822913272552775,0.1815978112462382,0.096680029648142,-0.2950660519085881,-0.2256560070335508,-0.1433646797782733,-0.3223360366816929
3404050005,-0.4153231987667777,-0.1317673811432553,1.695930289432691,0.9028885840546128,0.6302359502783814,0.4819820074485355,0.6137493885917908,-0.4209065766060771
3404050003,6.870101861403727,2.1796406585342543,2.4530965285259176,1.3059928612578482,1.082691647634688,0.8280040095209238,-1.3516366490133305,-0.4779888517369244
3404050004,6.390845007486958,2.0275893868425183,-0.0707909351181705,-0.0376880627529363,1.2519955950149662,0.957481638322111,-1.0701077485204074,0.9951697010750472
3404040005,0.7554447498729345,0.2396759357164536,-0.8279571742113969,-0.4407923399561717,0.2269936638792475,0.1735966692256952,-0.0660792664907584,0.6143890091818669
3404040002,-0.3168748948068158,-0.1005332116354647,0.1815978112462382,0.096680029648142,-0.1944530399189247,-0.148710759031114,-0.0481775473956492,-0.245390788679256
3404040007,-2.323817968363735,-0.7372653606977444,0.1815978112462382,0.096680029648142,0.2007977056918918,0.153562933434199,0.8908282941319434,0.056882903786057
3404040003,-2.323817968363735,-0.7372653606977444,-0.3231796814825793,-0.1720561551540148,-0.3463421845469271,-0.2648701669562076,0.4723951937415367,-0.0928140118021928
3404040001,-2.3983759933673285,-0.7609199885324243,-0.8279571742113969,-0.4407923399561717,-0.5632115491680212,-0.4307241327098158,0.3301958558226084,0.0100682072463559
3404040004,1.5761780452603888,0.5000656208373352,-0.0707909351181705,-0.0376880627529363,0.1670980812971433,0.1277906609878747,-0.3722749598494604,0.1654787237408111
3404040006,-0.3743722640842415,-0.1187750960156518,-0.0707909351181705,-0.0376880627529363,0.6721183435717855,0.5140121701001382,0.6327872661157901,0.5517002328530746
3404010003,-0.3743722640842415,-0.1187750960156518,-0.3231796814825793,-0.1720561551540148,-0.6609205252545242,-0.5054484774875324,-0.3866733814718806,-0.3333923223335175
3404010004,-1.712505720165947,-0.5433175767911413,-0.5755684278469881,-0.3064242475550933,-0.7572482600862247,-0.5791164981497073,-0.0357989213585659,-0.272692250594614
3404010001,-2.323817968363735,-0.7372653606977444,-0.8279571742113969,-0.4407923399561717,-0.5944835512948023,-0.4546398461110319,0.2826255145867125,-0.0138475061548601
3404010002,-1.101193471968159,-0.3493697928845382,-0.5755684278469881,-0.3064242475550933,-0.5216416325511408,-0.3989329410908322,-0.0495631482062939,-0.0925086935357389
3404020005,-1.158690841245585,-0.3676116772647254,-0.8279571742113969,-0.4407923399561717,-0.8659054201945899,-0.6622136241222167,-0.2946019468574913,-0.221421284166045
3404020002,-3.0096882415651165,-0.9548677724390274,-0.5755684278469881,-0.3064242475550933,-0.7115146688957028,-0.5441410765157909,0.4107266959232365,-0.2377168289606976
3404020001,-2.323817968363735,-0.7372653606977444,-0.5755684278469881,-0.3064242475550933,-0.7619980074378649,-0.5827489357509038,0.1545164249468406,-0.2763246881958105
3404020003,-0.4728205680442036,-0.1500092655234425,-0.3231796814825793,-0.1720561551540148,-0.6452955941413917,-0.4934990866905997,-0.3434898211671572,-0.3214429315365849
3404020004,-0.2662071487595909,-0.0844581254738958,-0.5755684278469881,-0.3064242475550933,-0.9100065262111028,-0.6959405792398209,-0.611482453765925,-0.3895163316847276
3404030004,-1.482002021924966,-0.4701868950684839,-0.5755684278469881,-0.3064242475550933,-0.4625330518765569,-0.3537288038809734,0.1164580911875104,-0.0473045563258801
3404030002,-1.712505720165947,-0.5433175767911413,0.1815978112462382,0.096680029648142,-0.5839162005695883,-0.446558312657249,0.0967592641338923,-0.543238342305391
3404030003,-0.6048759623252227,-0.1919057777383094,-0.3231796814825793,-0.1720561551540148,-0.6053706673649819,-0.4629659247114553,-0.2710601469731459,-0.2909097695574405
3404030001,-1.712505720165947,-0.5433175767911413,-0.0707909351181705,-0.0376880627529363,-0.3519834971810501,-0.2691844419302683,0.274133134860873,-0.231496379177332
3404030005,-1.712505720165947,-0.5433175767911413,-0.5755684278469881,-0.3064242475550933,-0.4137373114481428,-0.3164115595755093,0.226906017215632,-0.009987312020416
3404060005,11.93582341992078,3.786815180325296,10.277147665822593,5.471403725691281,1.9326148353082744,1.4779949914555917,-2.308820188869704,-3.993408734235689
3404060002,1.805062917304955,0.5726827061871894,0.686375303975056,0.365416214450299,-0.2229528496949522,-0.1705063984605747,-0.7431891046477641,-0.5359226129108736
3404060001,-2.323817968363735,-0.7372653606977444,-0.8279571742113969,-0.4407923399561717,-0.0293587290043495,-0.0224525102628682,0.7148128504348761,0.4183398296933034
3404060003,2.6246916076272724,0.8327219391371767,-0.3231796814825793,-0.1720561551540148,0.0679733496407195,0.0519835967757217,-0.780738342361455,0.2240397519297365
3404060004,6.834875944886255,2.168464719454375,2.7054852748903264,1.4403609536589266,0.7454187623937206,0.5700697196496511,-1.5983949998047238,-0.8702912340092754
3404070001,25.834808341365083,8.196472163336109,8.357919916025883,4.449634826173644,2.630235397573822,2.0115103500916773,-6.184961813244431,-2.4381244760819665
3404070003,11.82587108511271,3.751931188168668,9.619863647847929,5.121475288179036,1.966055205929744,1.5035689958500404,-2.248362192318627,-3.617906292328996
3404070002,10.504882481400674,3.3328281634687054,6.086421198746205,3.2403219945639385,1.0104668402438604,0.7727690492835103,-2.560059114185195,-2.467552945280428
3404080002,2.773807657634459,0.8800311948065361,0.433986557610647,0.2310481220492204,0.0226851739748752,0.0173488130705651,-0.862682381735971,-0.2136993089786552
3404080003,-1.7870637451695406,-0.5669722046258212,-0.3231796814825793,-0.1720561551540148,-0.3970590316042637,-0.3036566051867751,0.2633155994390461,-0.1316004500327603
3404080004,-1.712505720165947,-0.5433175767911413,0.433986557610647,0.2310481220492204,-0.0234782306799698,-0.0179553145920558,0.5253622621990854,-0.2490034366412763
3404080001,0.6569964459129726,0.2084417662086629,1.1911527967038735,0.6341523992524558,0.3495926549099246,0.2673560109167395,0.0589142447080765,-0.3667963883357163
3404090001,0.2944373533909721,0.0934145722711384,2.048201256915664,1.090432516146683,-0.4553189800708849,-0.3482117387100008,-0.4416263109811392,-1.4386442548566838
3404090002,-0.9520774219609724,-0.3020605372151788,-1.080345920575806,-0.5751604323572503,-0.5268664245416966,-0.4029286759120476,-0.1008681386968688,0.1722317564452027
3404090006,4.045233120364408,1.283409585515825,-0.0707909351181705,-0.0376880627529363,0.2232537414314791,0.170736509743709,-1.112673075772116,0.2084245724966454
3404090003,-3.0096882415651165,-0.9548677724390274,-1.080345920575806,-0.5751604323572503,-0.4795069817720101,-0.3667098608988848,0.5881579115401425,0.2084505714583654
3404090005,-2.455873362644754,-0.7791618729126114,-0.0707909351181705,-0.0376880627529363,-0.2965737939998857,-0.2268090744832215,0.5523527984293899,-0.1891210117302852
3404090004,-2.323817968363735,-0.7372653606977444,-0.8279571742113969,-0.4407923399561717,-0.4377510357198196,-0.3347764005936486,0.4024889601040958,0.1060159393625231
3404100003,0.3519347226683981,0.1116564566513256,1.2910350178224377,0.6873282389434476,-0.0338947206763176,-0.0259214751336588,-0.1375779317849845,-0.7132497140771065
3404100002,0.7907548630339086,0.2508785874173672,3.0577562423733,1.6279048857509972,0.130843845745624,0.1000647129172911,-0.1508138745000761,-1.527840172833706
3404100001,4.251930736292522,1.3489874381864055,6.338809945110614,3.374690086965017,0.5272788816249535,0.4032441083987008,-0.9457433297877048,-2.9714459785663165
3404100004,-2.323817968363735,-0.7372653606977444,1.7958125105512552,0.9560644237456044,-0.329656760572779,-0.2521097489910986,0.4851556117066458,-1.2081741727367032
3404110005,-0.1848195005257966,-0.0586366994205977,-0.3231796814825793,-0.1720561551540148,-0.8526932438128214,-0.6521094222079399,-0.5934727227873421,-0.480053267053925
3404110002,3.781038135158866,1.1995898484650565,0.686375303975056,0.365416214450299,-0.1567512635691161,-0.1198777833155428,-1.3194676317805991,-0.4852939977658418
3404110001,-1.482002021924966,-0.4701868950684839,3.8149224814665255,2.031009162954232,0.1762698383503224,0.1348048941086113,0.6049917891770953,-1.8962042688456209
3404110003,1.0787559305523158,0.342251153520212,-0.3231796814825793,-0.1720561551540148,-0.5227617882492792,-0.3997895962718087,-0.7420407497920207,-0.2277334411177939
3404110004,-1.158690841245585,-0.3676116772647254,1.5434237641868465,0.821696331344526,-0.6181862464250777,-0.4727668231198562,-0.1051551458551307,-1.294463154464382
3404120002,1.4594802838656202,0.4630415430831234,0.1815978112462382,0.096680029648142,0.6673701507464005,0.5103809213452538,0.0473393782621303,0.4137008916971117
3404120004,0.1214310244274167,0.038525774928668,-0.0707909351181705,-0.0376880627529363,0.0286269193681745,0.0218928483182299,-0.016632926610438,0.0595809110711663
3404120006,-1.712505720165947,-0.5433175767911413,-0.3231796814825793,-0.1720561551540148,-0.4506824591308636,-0.3446658926355876,0.1986516841555536,-0.1726097374815728
3404120003,-2.3983759933673285,-0.7609199885324243,1.5434237641868465,0.821696331344526,1.13214551282234,0.8658245642016038,1.626744552734028,0.0441282328570777
3404120005,1.1362532998297414,0.3604930379003991,1.9483190357971,1.0372566764556912,0.1172339965597513,0.0896563850064805,-0.2708366528939187,-0.9476002914492108
3404120001,4.51663994262934,1.4329703194390822,3.562533735102117,1.8966410705531536,1.0071258267897196,0.7702139611917758,-0.6627563582473064,-1.126427109361378
3404130003,10.67720619594595,3.3875003913672,1.5434237641868465,0.821696331344526,0.2713102957795859,0.2074884508627917,-3.180011940504408,-0.6142078804817344
3404130002,8.274429089705912,2.625184085174036,-0.0707909351181705,-0.0376880627529363,0.0833400112635092,0.0637354722653111,-2.5614486129087246,0.1014235350182474
3404130005,-3.0096882415651165,-0.9548677724390274,-0.8279571742113969,-0.4407923399561717,-0.7404877453481218,-0.5662986534428586,0.3885691189961688,-0.1255063134866868
3404130001,-0.0288738272884088,-0.0091606455326199,2.048201256915664,1.090432516146683,-0.3131009378063667,-0.2394484454136164,-0.2302877998809964,-1.3298809615602996
3404130004,-0.8706897737271779,-0.2762391111618806,1.2910350178224377,0.6873282389434476,-0.3305457818447332,-0.2527896407953215,0.023449470366559,-0.9401178797387691
3404140003,-1.158690841245585,-0.3676116772647254,-0.5755684278469881,-0.3064242475550933,-0.7415903447145162,-0.5671418821666271,-0.1995302049019016,-0.2607176346115338
3404140002,-2.3983759933673285,-0.7609199885324243,-1.080345920575806,-0.5751604323572503,-0.5110257310563059,-0.3908142777376922,0.370105710794732,0.1843461546195581
3404140001,-3.0096882415651165,-0.9548677724390274,-0.5755684278469881,-0.3064242475550933,-0.7520711455283823,-0.5751572253308881,0.3797105471081393,-0.2687329777757948
3404140007,0.9057496015887602,0.2873623561777416,-0.3231796814825793,-0.1720561551540148,-0.759909513027213,-0.5811517296122403,-0.8685140857899819,-0.4090955744582254
3404140006,-0.6048759623252227,-0.1919057777383094,-0.8279571742113969,-0.4407923399561717,-0.5407672125298788,-0.4135595034564001,-0.2216537257180906,0.0272328364997716
3404140008,-2.323817968363735,-0.7372653606977444,1.5434237641868465,0.821696331344526,-1.2663285011317598,-0.9684429344203296,-0.2311775737225853,-1.7901392657648558
3404140005,-2.323817968363735,-0.7372653606977444,-1.080345920575806,-0.5751604323572503,-0.6868279270207844,-0.5252615356057853,0.2120038250919591,0.049898896751465
3404140004,-2.323817968363735,-0.7372653606977444,-0.8279571742113969,-0.4407923399561717,-0.7043853701129614,-0.5386888427333666,0.1985765179643778,-0.0978965027771948
3404150001,-1.712505720165947,-0.5433175767911413,-0.3231796814825793,-0.1720561551540148,-1.1614563311785644,-0.8882404341072355,-0.3449228573160942,-0.7161842789532207
3404150004,0.9564173476359852,0.3034374423393105,0.1815978112462382,0.096680029648142,-1.3864565050565807,-1.0603125531827884,-1.3637499955220989,-1.1569925828309304
3404150002,2.531884125188873,0.803277403056076,0.1815978112462382,0.096680029648142,-1.013810974169277,-0.7753265238005338,-1.57860392685661,-0.8720065534486758
3404150003,-1.712505720165947,-0.5433175767911413,-0.3231796814825793,-0.1720561551540148,-1.6200105337210031,-1.2389263557334813,-0.69560877894234,-1.0668702005794666
3404160002,0.1214310244274167,0.038525774928668,-1.080345920575806,-0.5751604323572503,-0.8756523971326349,-0.6696677649231,-0.708193539851768,-0.0945073325658496
3404160005,0.9564173476359852,0.3034374423393105,-0.3231796814825793,-0.1720561551540148,-1.3115558612549492,-1.0030312085645512,-1.3064686509038617,-0.8309750534105363
3404160003,-2.323817968363735,-0.7372653606977444,1.5434237641868465,0.821696331344526,-0.6781338167915119,-0.5186125897634659,0.2186527709342784,-1.340308921107992
3404160004,1.02125856127489,0.3240092691400248,0.1815978112462382,0.096680029648142,-0.3900690048795007,-0.2983108817137933,-0.6223201508538181,-0.3949909113619353
3404160001,-1.0266354469645655,-0.3257151650498584,-0.0707909351181705,-0.0376880627529363,-1.3033023435291915,-0.9967192121761898,-0.6710040471263313,-0.9590311494232534
3404170002,0.8482522323113345,0.2691204717975545,-0.3231796814825793,-0.1720561551540148,-1.003954928283883,-0.7677889709534633,-1.0369094427510177,-0.5957328157994485
3404170005,-0.489881223770371,-0.155422008977935,-0.5755684278469881,-0.3064242475550933,-1.4060163339544265,-1.075271213654901,-0.919849204676966,-0.7688469660998076
3404170003,-1.712505720165947,-0.5433175767911413,-0.5755684278469881,-0.3064242475550933,-1.361657794577542,-1.0413473826723747,-0.4980298058812333,-0.7349231351172814
3404170004,-1.7870637451695406,-0.5669722046258212,-0.3231796814825793,-0.1720561551540148,-1.4676539757519258,-1.1224094867331509,-0.5554372821073295,-0.9503533315791358
3404170001,-1.712505720165947,-0.5433175767911413,-0.3231796814825793,-0.1720561551540148,-1.2516832276375904,-0.9572427508775871,-0.4139251740864459,-0.7851865957235724
