village_id,TerrainPattern,ConstraintPattern
3402050003,Neither channel terrain-constrained,FFAS=No significant dominance; DIS=Residual
3402050002,Neither channel terrain-constrained,FFAS=No significant dominance; DIS=Residual
3402050001,Neither channel terrain-constrained,FFAS=Residual; DIS=Residual
3402070001,Neither channel terrain-constrained,FFAS=No significant dominance; DIS=No significant dominance
3402070002,Neither channel terrain-constrained,FFAS=Residual; DIS=Residual
3402070005,Neither channel terrain-constrained,FFAS=Residual; DIS=Residual
3402070004,Neither channel terrain-constrained,FFAS=No significant dominance; DIS=No significant dominance
3402070003,Neither channel terrain-constrained,FFAS=No significant dominance; DIS=No significant dominance
3402130004,Neither channel terrain-constrained,FFAS=Residual; DIS=No significant dominance
3402130001,Neither channel terrain-constrained,FFAS=Residual; DIS=No significant dominance
3402130006,Neither channel terrain-constrained,FFAS=No significant dominance; DIS=No significant dominance
3402130003,Neither channel terrain-constrained,FFAS=Residual; DIS=No significant dominance
3402130008,Neither channel terrain-constrained,FFAS=No significant dominance; DIS=No significant dominance
3402130007,Neither channel terrain-constrained,FFAS=No significant dominance; DIS=No significant dominance
3402130002,Neither channel terrain-constrained,FFAS=Residual; DIS=No significant dominance
3402130005,Neither channel terrain-constrained,FFAS=No significant dominance; DIS=No significant dominance
3402100004,Neither channel terrain-constrained,FFAS=Residual; DIS=No significant dominance
3402100006,Neither channel terrain-constrained,FFAS=No significant dominance; DIS=No significant dominance
3402100001,DIS terrain-constrained only,FFAS=No significant dominance; DIS=Terrain
3402100002,DIS terrain-constrained only,FFAS=No significant dominance; DIS=Terrain
3402100005,Neither channel terrain-constrained,FFAS=Residual; DIS=No significant dominance
3402100003,DIS terrain-constrained only,FFAS=No significant dominance; DIS=Terrain
3402090002,Neither channel terrain-constrained,FFAS=Residual; DIS=No significant dominance
3402090008,Neither channel terrain-constrained,FFAS=No significant dominance; DIS=No significant dominance
3402090006,Neither channel terrain-constrained,FFAS=No significant dominance; DIS=Residual
3402090004,Neither channel terrain-constrained,FFAS=Residual; DIS=Residual
3402090003,Neither channel terrain-constrained,FFAS=Residual; DIS=Residual
3402090001,DIS terrain-constrained only,FFAS=Residual; DIS=Terrain
3402090005,Neither channel terrain-constrained,FFAS=No significant dominance; DIS=No significant dominance
3402090007,Neither channel terrain-constrained,FFAS=No significant dominance; DIS=No significant dominance
3402080003,Neither channel terrain-constrained,FFAS=No significant dominance; DIS=No significant dominance
3402080001,Neither channel terrain-constrained,FFAS=No significant dominance; DIS=No significant dominance
3402080004,Neither channel terrain-constrained,FFAS=No significant dominance; DIS=No significant dominance
3402080002,Neither channel terrain-constrained,FFAS=Residual; DIS=No significant dominance
3402150003,Neither channel terrain-constrained,FFAS=No significant dominance; DIS=No significant dominance
3402150002,Neither channel terrain-constrained,FFAS=No significant dominance; DIS=Residual
3402150004,Neither channel terrain-constrained,FFAS=No significant dominance; DIS=No significant dominance
3402150001,Neither channel terrain-constrained,FFAS=No significant dominance; DIS=Residual
3402030002,Neither channel terrain-constrained,FFAS=Residual; DIS=No significant dominance
3402030001,Neither channel terrain-constrained,FFAS=Residual; DIS=No significant dominance
3402030005,Neither channel terrain-constrained,FFAS=Residual; DIS=Residual
3402030004,Neither channel terrain-constrained,FFAS=Residual; DIS=Residual
3402030003,Neither channel terrain-constrained,FFAS=No significant dominance; DIS=No significant dominance
3402160002,Neither channel terrain-constrained,FFAS=Residual; DIS=No significant dominance
3402160001,Neither channel terrain-constrained,FFAS=Residual; DIS=Residual
3402160003,Neither channel terrain-constrained,FFAS=Residual; DIS=Residual
3402060004,Neither channel terrain-constrained,FFAS=Residual; DIS=Residual
3402060002,Neither channel terrain-constrained,FFAS=Residual; DIS=No significant dominance
3402060001,Neither channel terrain-constrained,FFAS=Residual; DIS=Residual
3402060003,Neither channel terrain-constrained,FFAS=No significant dominance; DIS=No significant dominance
3402120003,DIS terrain-constrained only,FFAS=No significant dominance; DIS=Terrain
3402120002,DIS terrain-constrained only,FFAS=No significant dominance; DIS=Terrain
3402120001,Neither channel terrain-constrained,FFAS=Residual; DIS=Residual
3402110001,Neither channel terrain-constrained,FFAS=Residual; DIS=No significant dominance
3402110005,Neither channel terrain-constrained,FFAS=No significant dominance; DIS=No significant dominance
3402110002,Neither channel terrain-constrained,FFAS=Residual; DIS=No significant dominance
3402110003,Neither channel terrain-constrained,FFAS=Residual; DIS=No significant dominance
3402110004,Neither channel terrain-constrained,FFAS=Residual; DIS=No significant dominance
3402040003,Neither channel terrain-constrained,FFAS=Residual; DIS=Residual
3402040002,Neither channel terrain-constrained,FFAS=Residual; DIS=Residual
3402040001,DIS terrain-constrained only,FFAS=Residual; DIS=Terrain
3402020004,Neither channel terrain-constrained,FFAS=No significant dominance; DIS=No significant dominance
3402020003,Neither channel terrain-constrained,FFAS=No significant dominance; DIS=No significant dominance
3402020002,Neither channel terrain-constrained,FFAS=Residual; DIS=Residual
3402020001,Neither channel terrain-constrained,FFAS=No significant dominance; DIS=No significant dominance
3402170002,Neither channel terrain-constrained,FFAS=Residual; DIS=No significant dominance
3402170003,Neither channel terrain-constrained,FFAS=Residual; DIS=Residual
3402170001,Neither channel terrain-constrained,FFAS=Residual; DIS=No significant dominance
3402170004,Neither channel terrain-constrained,FFAS=No significant dominance; DIS=Residual
3402140004,Neither channel terrain-constrained,FFAS=No significant dominance; DIS=No significant dominance
3402140001,Neither channel terrain-constrained,FFAS=No significant dominance; DIS=No significant dominance
3402140002,Neither channel terrain-constrained,FFAS=No significant dominance; DIS=No significant dominance
3402140003,Neither channel terrain-constrained,FFAS=No significant dominance; DIS=No significant dominance
3402010001,Neither channel terrain-constrained,FFAS=No significant dominance; DIS=No significant dominance
3402010002,Neither channel terrain-constrained,FFAS=No significant dominance; DIS=Residual
3403090006,Neither channel terrain-constrained,FFAS=Residual; DIS=No significant dominance
3403090008,Neither channel terrain-constrained,FFAS=No significant dominance; DIS=No significant dominance
3403090004,Neither channel terrain-constrained,FFAS=Residual; DIS=No significant dominance
3403090010,Neither channel terrain-constrained,FFAS=No significant dominance; DIS=No significant dominance
3403090003,Neither channel terrain-constrained,FFAS=Residual; DIS=No significant dominance
3403090014,Neither channel terrain-constrained,FFAS=Residual; DIS=Residual
3403090007,Neither channel terrain-constrained,FFAS=Residual; DIS=Residual
3403090013,Neither channel terrain-constrained,FFAS=Residual; DIS=Residual
3403090011,Neither channel terrain-constrained,FFAS=No significant dominance; DIS=No significant dominance
3403090002,Neither channel terrain-constrained,FFAS=Residual; DIS=Residual
3403090012,Neither channel terrain-constrained,FFAS=Residual; DIS=Residual
3403090005,Neither channel terrain-constrained,FFAS=Residual; DIS=Residual
3403090009,Neither channel terrain-constrained,FFAS=Residual; DIS=Residual
3403090001,Neither channel terrain-constrained,FFAS=Residual; DIS=Residual
3403130001,Neither channel terrain-constrained,FFAS=Residual; DIS=Residual
3403130007,DIS terrain-constrained only,FFAS=Residual; DIS=Terrain
3403130002,Neither channel terrain-constrained,FFAS=No significant dominance; DIS=Residual
3403130003,DIS terrain-constrained only,FFAS=Residual; DIS=Terrain
3403130006,Neither channel terrain-constrained,FFAS=No significant dominance; DIS=No significant dominance
3403130005,Neither channel terrain-constrained,FFAS=Residual; DIS=Residual
3403130004,Neither channel terrain-constrained,FFAS=Residual; DIS=Residual
3403100012,Neither channel terrain-constrained,FFAS=Residual; DIS=No significant dominance
3403100009,Neither channel terrain-constrained,FFAS=Residual; DIS=No significant dominance
3403100001,Neither channel terrain-constrained,FFAS=Residual; DIS=No significant dominance
3403100003,Neither channel terrain-constrained,FFAS=No significant dominance; DIS=No significant dominance
3403100005,Neither channel terrain-constrained,FFAS=Residual; DIS=Residual
3403100011,Neither channel terrain-constrained,FFAS=No significant dominance; DIS=No significant dominance
3403100004,Neither channel terrain-constrained,FFAS=Residual; DIS=Residual
3403100010,Neither channel terrain-constrained,FFAS=No significant dominance; DIS=No significant dominance
3403100008,Neither channel terrain-constrained,FFAS=Residual; DIS=No significant dominance
3403100013,Neither channel terrain-constrained,FFAS=No significant dominance; DIS=Residual
3403100006,Neither channel terrain-constrained,FFAS=Residual; DIS=No significant dominance
3403100007,Neither channel terrain-constrained,FFAS=No significant dominance; DIS=No significant dominance
3403100002,Neither channel terrain-constrained,FFAS=Residual; DIS=No significant dominance
3403110011,Both channels terrain-constrained,FFAS=Terrain; DIS=Terrain
3403110003,Neither channel terrain-constrained,FFAS=Residual; DIS=Residual
3403110004,Neither channel terrain-constrained,FFAS=No significant dominance; DIS=No significant dominance
3403110010,DIS terrain-constrained only,FFAS=No significant dominance; DIS=Terrain
3403110005,DIS terrain-constrained only,FFAS=No significant dominance; DIS=Terrain
3403110009,Neither channel terrain-constrained,FFAS=No significant dominance; DIS=No significant dominance
3403110008,Neither channel terrain-constrained,FFAS=No significant dominance; DIS=Residual
3403110002,Neither channel terrain-constrained,FFAS=No significant dominance; DIS=Residual
3403110006,Neither channel terrain-constrained,FFAS=No significant dominance; DIS=No significant dominance
3403110007,Neither channel terrain-constrained,FFAS=No significant dominance; DIS=Residual
3403110001,Neither channel terrain-constrained,FFAS=Residual; DIS=No significant dominance
3403020005,Neither channel terrain-constrained,FFAS=Residual; DIS=Residual
3403020007,Neither channel terrain-constrained,FFAS=Residual; DIS=No significant dominance
3403020002,Neither channel terrain-constrained,FFAS=No significant dominance; DIS=Residual
3403020001,Neither channel terrain-constrained,FFAS=No significant dominance; DIS=Residual
3403020003,Neither channel terrain-constrained,FFAS=Residual; DIS=Residual
3403020006,Neither channel terrain-constrained,FFAS=No significant dominance; DIS=Residual
3403020004,Neither channel terrain-constrained,FFAS=Residual; DIS=Residual
3403010006,DIS terrain-constrained only,FFAS=No significant dominance; DIS=Terrain
3403010011,Neither channel terrain-constrained,FFAS=Residual; DIS=Residual
3403010009,Neither channel terrain-constrained,FFAS=Residual; DIS=Residual
3403010008,Neither channel terrain-constrained,FFAS=Residual; DIS=No significant dominance
3403010010,Neither channel terrain-constrained,FFAS=Residual; DIS=No significant dominance
3403010007,Neither channel terrain-constrained,FFAS=Residual; DIS=Residual
3403040005,Neither channel terrain-constrained,FFAS=No significant dominance; DIS=No significant dominance
3403040006,DIS terrain-constrained only,FFAS=No significant dominance; DIS=Terrain
3403040008,Neither channel terrain-constrained,FFAS=Residual; DIS=Residual
3403040007,Neither channel terrain-constrained,FFAS=No significant dominance; DIS=Residual
3403040009,Neither channel terrain-constrained,FFAS=Residual; DIS=Residual
3403060001,Neither channel terrain-constrained,FFAS=Residual; DIS=Residual
3403060005,Neither channel terrain-constrained,FFAS=No significant dominance; DIS=No significant dominance
3403060004,Neither channel terrain-constrained,FFAS=Residual; DIS=Residual
3403060002,DIS terrain-constrained only,FFAS=No significant dominance; DIS=Terrain
3403060003,DIS terrain-constrained only,FFAS=Residual; DIS=Terrain
3403080002,Neither channel terrain-constrained,FFAS=No significant dominance; DIS=No significant dominance
3403080003,Neither channel terrain-constrained,FFAS=No significant dominance; DIS=Residual
3403080001,Neither channel terrain-constrained,FFAS=No significant dominance; DIS=Residual
3403080004,Neither channel terrain-constrained,FFAS=No significant dominance; DIS=Residual
3403080008,Neither channel terrain-constrained,FFAS=No significant dominance; DIS=Residual
3403080007,Neither channel terrain-constrained,FFAS=No significant dominance; DIS=Residual
3403080009,Neither channel terrain-constrained,FFAS=Residual; DIS=Residual
3403080006,Neither channel terrain-constrained,FFAS=Residual; DIS=Residual
3403080005,Neither channel terrain-constrained,FFAS=Residual; DIS=Residual
3403070003,DIS terrain-constrained only,FFAS=No significant dominance; DIS=Terrain
3403070006,Neither channel terrain-constrained,FFAS=Residual; DIS=No significant dominance
3403070004,Neither channel terrain-constrained,FFAS=Residual; DIS=Residual
3403070008,Neither channel terrain-constrained,FFAS=Residual; DIS=Residual
3403070005,Neither channel terrain-constrained,FFAS=No significant dominance; DIS=No significant dominance
3403070010,Neither channel terrain-constrained,FFAS=Residual; DIS=Residual
3403070007,DIS terrain-constrained only,FFAS=No significant dominance; DIS=Terrain
3403070009,DIS terrain-constrained only,FFAS=Residual; DIS=Terrain
3403070011,DIS terrain-constrained only,FFAS=Residual; DIS=Terrain
3403070001,Neither channel terrain-constrained,FFAS=Residual; DIS=Residual
3403070002,Neither channel terrain-constrained,FFAS=Residual; DIS=Residual
3403050010,Neither channel terrain-constrained,FFAS=Residual; DIS=Residual
3403050012,Neither channel terrain-constrained,FFAS=Residual; DIS=Residual
3403050007,DIS terrain-constrained only,FFAS=Residual; DIS=Terrain
3403050011,Neither channel terrain-constrained,FFAS=Residual; DIS=No significant dominance
3403050015,Neither channel terrain-constrained,FFAS=Residual; DIS=No significant dominance
3403050013,Neither channel terrain-constrained,FFAS=No significant dominance; DIS=Residual
3403050016,Neither channel terrain-constrained,FFAS=Residual; DIS=Residual
3403050014,Neither channel terrain-constrained,FFAS=No significant dominance; DIS=No significant dominance
3403150008,Neither channel terrain-constrained,FFAS=Residual; DIS=Residual
3403150007,Neither channel terrain-constrained,FFAS=Residual; DIS=No significant dominance
3403150010,Neither channel terrain-constrained,FFAS=Residual; DIS=No significant dominance
3403150001,Neither channel terrain-constrained,FFAS=Residual; DIS=Residual
3403150005,DIS terrain-constrained only,FFAS=No significant dominance; DIS=Terrain
3403150002,Neither channel terrain-constrained,FFAS=Residual; DIS=Residual
3403150004,Neither channel terrain-constrained,FFAS=Residual; DIS=No significant dominance
3403150006,Neither channel terrain-constrained,FFAS=Residual; DIS=No significant dominance
3403150003,DIS terrain-constrained only,FFAS=No significant dominance; DIS=Terrain
3403150009,Neither channel terrain-constrained,FFAS=Residual; DIS=Residual
3403140005,Neither channel terrain-constrained,FFAS=Residual; DIS=No significant dominance
3403140002,Neither channel terrain-constrained,FFAS=Residual; DIS=Residual
3403140004,DIS terrain-constrained only,FFAS=Residual; DIS=Terrain
3403140003,DIS terrain-constrained only,FFAS=Residual; DIS=Terrain
3403140006,DIS terrain-constrained only,FFAS=No significant dominance; DIS=Terrain
3403140001,Neither channel terrain-constrained,FFAS=Residual; DIS=Residual
3403120004,DIS terrain-constrained only,FFAS=No significant dominance; DIS=Terrain
3403120005,DIS terrain-constrained only,FFAS=No significant dominance; DIS=Terrain
3403120002,DIS terrain-constrained only,FFAS=No significant dominance; DIS=Terrain
3403120003,Neither channel terrain-constrained,FFAS=No significant dominance; DIS=No significant dominance
3403120001,DIS terrain-constrained only,FFAS=Residual; DIS=Terrain
3403120006,Neither channel terrain-constrained,FFAS=Residual; DIS=Residual
3403120007,Neither channel terrain-constrained,FFAS=Residual; DIS=Residual
3403030002,DIS terrain-constrained only,FFAS=Residual; DIS=Terrain
3403030007,Neither channel terrain-constrained,FFAS=No significant dominance; DIS=Residual
3403030004,Neither channel terrain-constrained,FFAS=Residual; DIS=Residual
3403030005,DIS terrain-constrained only,FFAS=No significant dominance; DIS=Terrain
3403030001,DIS terrain-constrained only,FFAS=Residual; DIS=Terrain
3403030006,Neither channel terrain-constrained,FFAS=Residual; DIS=Residual
3403030003,Neither channel terrain-constrained,FFAS=Residual; DIS=No significant dominance
3403051001,Neither channel terrain-constrained,FFAS=Residual; DIS=Residual
3403051002,DIS terrain-constrained only,FFAS=No significant dominance; DIS=Terrain
3403051006,DIS terrain-constrained only,FFAS=No significant dominance; DIS=Terrain
3403051003,DIS terrain-constrained only,FFAS=Residual; DIS=Terrain
3403051005,Neither channel terrain-constrained,FFAS=No significant dominance; DIS=Residual
3403051007,DIS terrain-constrained only,FFAS=No significant dominance; DIS=Terrain
3403051008,Neither channel terrain-constrained,FFAS=No significant dominance; DIS=No significant dominance
3403051004,DIS terrain-constrained only,FFAS=No significant dominance; DIS=Terrain
3403041001,DIS terrain-constrained only,FFAS=No significant dominance; DIS=Terrain
3403041003,Neither channel terrain-constrained,FFAS=Residual; DIS=No significant dominance
3403041005,Neither channel terrain-constrained,FFAS=Residual; DIS=No significant dominance
3403041002,Both channels terrain-constrained,FFAS=Terrain; DIS=Terrain
3403041004,Neither channel terrain-constrained,FFAS=Residual; DIS=Residual
3403011002,Neither channel terrain-constrained,FFAS=Residual; DIS=No significant dominance
3403011003,Both channels terrain-constrained,FFAS=Terrain; DIS=Terrain
3403011005,DIS terrain-constrained only,FFAS=Residual; DIS=Terrain
3403011001,DIS terrain-constrained only,FFAS=Residual; DIS=Terrain
3403011004,Neither channel terrain-constrained,FFAS=Residual; DIS=No significant dominance
3471140004,Neither channel terrain-constrained,FFAS=Residual; DIS=Residual
3471140001,Neither channel terrain-constrained,FFAS=Residual; DIS=Residual
3471140003,Neither channel terrain-constrained,FFAS=Residual; DIS=No significant dominance
3471140002,Neither channel terrain-constrained,FFAS=Residual; DIS=Residual
3471130001,Neither channel terrain-constrained,FFAS=Residual; DIS=No significant dominance
3471130003,Neither channel terrain-constrained,FFAS=No significant dominance; DIS=No significant dominance
3471130002,Neither channel terrain-constrained,FFAS=No significant dominance; DIS=No significant dominance
3471060005,Neither channel terrain-constrained,FFAS=No significant dominance; DIS=No significant dominance
3471060003,Neither channel terrain-constrained,FFAS=No significant dominance; DIS=No significant dominance
3471060004,Neither channel terrain-constrained,FFAS=No significant dominance; DIS=No significant dominance
3471060001,Neither channel terrain-constrained,FFAS=Residual; DIS=No significant dominance
3471060002,Neither channel terrain-constrained,FFAS=No significant dominance; DIS=No significant dominance
3471070001,Neither channel terrain-constrained,FFAS=Residual; DIS=No significant dominance
3471070002,Neither channel terrain-constrained,FFAS=Residual; DIS=Residual
3471070003,Neither channel terrain-constrained,FFAS=No significant dominance; DIS=Residual
3471120001,Neither channel terrain-constrained,FFAS=Residual; DIS=Residual
3471120002,Neither channel terrain-constrained,FFAS=No significant dominance; DIS=Residual
3471100001,Neither channel terrain-constrained,FFAS=No significant dominance; DIS=Residual
3471100002,Neither channel terrain-constrained,FFAS=Residual; DIS=Residual
3471110002,Neither channel terrain-constrained,FFAS=Residual; DIS=No significant dominance
3471110003,Neither channel terrain-constrained,FFAS=No significant dominance; DIS=No significant dominance
3471110001,Neither channel terrain-constrained,FFAS=No significant dominance; DIS=No significant dominance
3471010002,Neither channel terrain-constrained,FFAS=No significant dominance; DIS=No significant dominance
3471010003,Neither channel terrain-constrained,FFAS=No significant dominance; DIS=No significant dominance
3471010001,Neither channel terrain-constrained,FFAS=Residual; DIS=No significant dominance
3471020002,Neither channel terrain-constrained,FFAS=Residual; DIS=No significant dominance
3471020001,Neither channel terrain-constrained,FFAS=Residual; DIS=No significant dominance
3471020003,Neither channel terrain-constrained,FFAS=Residual; DIS=No significant dominance
3471090001,Neither channel terrain-constrained,FFAS=No significant dominance; DIS=No significant dominance
3471090002,Neither channel terrain-constrained,FFAS=No significant dominance; DIS=No significant dominance
3471080001,Neither channel terrain-constrained,FFAS=Residual; DIS=No significant dominance
3471080002,Neither channel terrain-constrained,FFAS=Residual; DIS=No significant dominance
3471030003,Neither channel terrain-constrained,FFAS=Residual; DIS=No significant dominance
3471030002,Neither channel terrain-constrained,FFAS=No significant dominance; DIS=No significant dominance
3471030001,Neither channel terrain-constrained,FFAS=No significant dominance; DIS=No significant dominance
3471040003,Neither channel terrain-constrained,FFAS=Residual; DIS=No significant dominance
3471040005,Neither channel terrain-constrained,FFAS=Residual; DIS=No significant dominance
3471040007,Neither channel terrain-constrained,FFAS=Residual; DIS=Residual
3471040006,Neither channel terrain-constrained,FFAS=No significant dominance; DIS=No significant dominance
3471040004,Neither channel terrain-constrained,FFAS=No significant dominance; DIS=No significant dominance
3471040002,Neither channel terrain-constrained,FFAS=No significant dominance; DIS=No significant dominance
3471040001,Neither channel terrain-constrained,FFAS=No significant dominance; DIS=No significant dominance
3471050001,Neither channel terrain-constrained,FFAS=Residual; DIS=No significant dominance
3471050002,Neither channel terrain-constrained,FFAS=No significant dominance; DIS=No significant dominance
3471050003,Neither channel terrain-constrained,FFAS=No significant dominance; DIS=No significant dominance
3401010003,Neither channel terrain-constrained,FFAS=Residual; DIS=No significant dominance
3401010010,Neither channel terrain-constrained,FFAS=Residual; DIS=No significant dominance
3401010012,Neither channel terrain-constrained,FFAS=No significant dominance; DIS=No significant dominance
3401010015,Neither channel terrain-constrained,FFAS=Residual; DIS=Residual
3401010013,Neither channel terrain-constrained,FFAS=Residual; DIS=No significant dominance
3401010011,Neither channel terrain-constrained,FFAS=No significant dominance; DIS=No significant dominance
3401010007,Neither channel terrain-constrained,FFAS=Residual; DIS=Residual
3401010006,Neither channel terrain-constrained,FFAS=Residual; DIS=Residual
3401010009,Neither channel terrain-constrained,FFAS=Residual; DIS=No significant dominance
3401010002,Neither channel terrain-constrained,FFAS=Residual; DIS=No significant dominance
3401010005,Neither channel terrain-constrained,FFAS=Residual; DIS=No significant dominance
3401010008,Neither channel terrain-constrained,FFAS=Residual; DIS=No significant dominance
3401010004,Neither channel terrain-constrained,FFAS=Residual; DIS=Residual
3401010001,Neither channel terrain-constrained,FFAS=Residual; DIS=Residual
3401010014,Neither channel terrain-constrained,FFAS=Residual; DIS=Residual
3401020001,Neither channel terrain-constrained,FFAS=No significant dominance; DIS=Residual
3401020003,Neither channel terrain-constrained,FFAS=Residual; DIS=Residual
3401020005,Neither channel terrain-constrained,FFAS=No significant dominance; DIS=Residual
3401020004,Neither channel terrain-constrained,FFAS=Residual; DIS=Residual
3401020002,Neither channel terrain-constrained,FFAS=Residual; DIS=Residual
3401020008,Neither channel terrain-constrained,FFAS=No significant dominance; DIS=No significant dominance
3401020006,Neither channel terrain-constrained,FFAS=No significant dominance; DIS=Residual
3401020007,Neither channel terrain-constrained,FFAS=No significant dominance; DIS=Residual
3401030009,Neither channel terrain-constrained,FFAS=Residual; DIS=Residual
3401030004,Neither channel terrain-constrained,FFAS=Residual; DIS=Residual
3401030007,Neither channel terrain-constrained,FFAS=Residual; DIS=Residual
3401030002,Neither channel terrain-constrained,FFAS=Residual; DIS=Residual
3401030011,Neither channel terrain-constrained,FFAS=Residual; DIS=Residual
3401030006,Neither channel terrain-constrained,FFAS=Residual; DIS=No significant dominance
3401030003,Neither channel terrain-constrained,FFAS=Residual; DIS=Residual
3401030010,Neither channel terrain-constrained,FFAS=Residual; DIS=Residual
3401030005,Neither channel terrain-constrained,FFAS=No significant dominance; DIS=No significant dominance
3401030001,Neither channel terrain-constrained,FFAS=Residual; DIS=Residual
3401030008,Neither channel terrain-constrained,FFAS=Residual; DIS=Residual
3401040004,Neither channel terrain-constrained,FFAS=Residual; DIS=Residual
3401040006,Neither channel terrain-constrained,FFAS=Residual; DIS=No significant dominance
3401040001,Neither channel terrain-constrained,FFAS=No significant dominance; DIS=Residual
3401040003,Neither channel terrain-constrained,FFAS=Residual; DIS=Residual
3401040007,Neither channel terrain-constrained,FFAS=Residual; DIS=Residual
3401040002,Neither channel terrain-constrained,FFAS=Residual; DIS=Residual
3401040005,Neither channel terrain-constrained,FFAS=Residual; DIS=Residual
3401050004,Neither channel terrain-constrained,FFAS=Residual; DIS=Residual
3401050001,Neither channel terrain-constrained,FFAS=Residual; DIS=No significant dominance
3401050006,Neither channel terrain-constrained,FFAS=No significant dominance; DIS=Residual
3401050003,Neither channel terrain-constrained,FFAS=No significant dominance; DIS=Residual
3401050002,Neither channel terrain-constrained,FFAS=Residual; DIS=No significant dominance
3401050005,Neither channel terrain-constrained,FFAS=No significant dominance; DIS=Residual
3401060002,Neither channel terrain-constrained,FFAS=Residual; DIS=Residual
3401060005,Neither channel terrain-constrained,FFAS=Residual; DIS=Residual
3401060004,Neither channel terrain-constrained,FFAS=No significant dominance; DIS=Residual
3401060007,Neither channel terrain-constrained,FFAS=No significant dominance; DIS=No significant dominance
3401060003,Neither channel terrain-constrained,FFAS=Residual; DIS=No significant dominance
3401060008,Neither channel terrain-constrained,FFAS=No significant dominance; DIS=Residual
3401060006,Neither channel terrain-constrained,FFAS=Residual; DIS=No significant dominance
3401060001,Neither channel terrain-constrained,FFAS=Residual; DIS=Residual
3401070002,DIS terrain-constrained only,FFAS=No significant dominance; DIS=Terrain
3401070001,Neither channel terrain-constrained,FFAS=Residual; DIS=Residual
3401070005,Neither channel terrain-constrained,FFAS=No significant dominance; DIS=No significant dominance
3401070003,Neither channel terrain-constrained,FFAS=Residual; DIS=Residual
3401070006,Neither channel terrain-constrained,FFAS=Residual; DIS=No significant dominance
3401070004,Neither channel terrain-constrained,FFAS=No significant dominance; DIS=Residual
3401070007,Neither channel terrain-constrained,FFAS=No significant dominance; DIS=No significant dominance
3401080004,Neither channel terrain-constrained,FFAS=No significant dominance; DIS=No significant dominance
3401080001,DIS terrain-constrained only,FFAS=No significant dominance; DIS=Terrain
3401080002,DIS terrain-constrained only,FFAS=No significant dominance; DIS=Terrain
3401080005,Both channels terrain-constrained,FFAS=Terrain; DIS=Terrain
3401080003,Both channels terrain-constrained,FFAS=Terrain; DIS=Terrain
3401090003,DIS terrain-constrained only,FFAS=No significant dominance; DIS=Terrain
3401090004,Neither channel terrain-constrained,FFAS=No significant dominance; DIS=No significant dominance
3401090002,DIS terrain-constrained only,FFAS=No significant dominance; DIS=Terrain
3401090001,Neither channel terrain-constrained,FFAS=No significant dominance; DIS=No significant dominance
3401100004,Neither channel terrain-constrained,FFAS=Residual; DIS=No significant dominance
3401100006,Neither channel terrain-constrained,FFAS=Residual; DIS=No significant dominance
3401100003,Neither channel terrain-constrained,FFAS=No significant dominance; DIS=No significant dominance
3401100005,Neither channel terrain-constrained,FFAS=No significant dominance; DIS=No significant dominance
3401100001,Neither channel terrain-constrained,FFAS=Residual; DIS=Residual
3401100002,Neither channel terrain-constrained,FFAS=No significant dominance; DIS=No significant dominance
3401120007,DIS terrain-constrained only,FFAS=No significant dominance; DIS=Terrain
3401120001,Both channels terrain-constrained,FFAS=Terrain; DIS=Terrain
3401120003,Both channels terrain-constrained,FFAS=Terrain; DIS=Terrain
3401120004,DIS terrain-constrained only,FFAS=No significant dominance; DIS=Terrain
3401120006,DIS terrain-constrained only,FFAS=No significant dominance; DIS=Terrain
3401120002,DIS terrain-constrained only,FFAS=No significant dominance; DIS=Terrain
3401120005,DIS terrain-constrained only,FFAS=No significant dominance; DIS=Terrain
3401110001,Neither channel terrain-constrained,FFAS=No significant dominance; DIS=No significant dominance
3401110002,DIS terrain-constrained only,FFAS=No significant dominance; DIS=Terrain
3401110003,DIS terrain-constrained only,FFAS=No significant dominance; DIS=Terrain
3401110004,Neither channel terrain-constrained,FFAS=No significant dominance; DIS=No significant dominance
3404050002,Neither channel terrain-constrained,FFAS=No significant dominance; DIS=No significant dominance
3404050001,Neither channel terrain-constrained,FFAS=Residual; DIS=No significant dominance
3404050005,Neither channel terrain-constrained,FFAS=Residual; DIS=No significant dominance
3404050003,Neither channel terrain-constrained,FFAS=No significant dominance; DIS=No significant dominance
3404050004,Neither channel terrain-constrained,FFAS=No significant dominance; DIS=Residual
3404040005,Neither channel terrain-constrained,FFAS=No significant dominance; DIS=Residual
3404040002,Neither channel terrain-constrained,FFAS=Residual; DIS=No significant dominance
3404040007,Neither channel terrain-constrained,FFAS=Residual; DIS=No significant dominance
3404040003,Neither channel terrain-constrained,FFAS=Residual; DIS=Residual
3404040001,Neither channel terrain-constrained,FFAS=Residual; DIS=Residual
3404040004,Neither channel terrain-constrained,FFAS=No significant dominance; DIS=Residual
3404040006,Neither channel terrain-constrained,FFAS=Residual; DIS=Residual
3404010003,Neither channel terrain-constrained,FFAS=Residual; DIS=Residual
3404010004,Neither channel terrain-constrained,FFAS=Residual; DIS=Residual
3404010001,Neither channel terrain-constrained,FFAS=Residual; DIS=Residual
3404010002,Neither channel terrain-constrained,FFAS=Residual; DIS=Residual
3404020005,Neither channel terrain-constrained,FFAS=Residual; DIS=Residual
3404020002,Neither channel terrain-constrained,FFAS=Residual; DIS=Residual
3404020001,Neither channel terrain-constrained,FFAS=Residual; DIS=Residual
3404020003,Neither channel terrain-constrained,FFAS=Residual; DIS=Residual
3404020004,Neither channel terrain-constrained,FFAS=Residual; DIS=Residual
3404030004,Neither channel terrain-constrained,FFAS=Residual; DIS=Residual
3404030002,Neither channel terrain-constrained,FFAS=Residual; DIS=No significant dominance
3404030003,Neither channel terrain-constrained,FFAS=Residual; DIS=Residual
3404030001,Neither channel terrain-constrained,FFAS=Residual; DIS=Residual
3404030005,Neither channel terrain-constrained,FFAS=Residual; DIS=Residual
3404060005,Neither channel terrain-constrained,FFAS=No significant dominance; DIS=No significant dominance
3404060002,Neither channel terrain-constrained,FFAS=No significant dominance; DIS=No significant dominance
3404060001,Neither channel terrain-constrained,FFAS=Residual; DIS=Residual
3404060003,Neither channel terrain-constrained,FFAS=No significant dominance; DIS=Residual
3404060004,Neither channel terrain-constrained,FFAS=No significant dominance; DIS=No significant dominance
3404070001,Neither channel terrain-constrained,FFAS=No significant dominance; DIS=No significant dominance
3404070003,Neither channel terrain-constrained,FFAS=No significant dominance; DIS=No significant dominance
3404070002,Neither channel terrain-constrained,FFAS=No significant dominance; DIS=No significant dominance
3404080002,Neither channel terrain-constrained,FFAS=No significant dominance; DIS=No significant dominance
3404080003,Neither channel terrain-constrained,FFAS=Residual; DIS=Residual
3404080004,Neither channel terrain-constrained,FFAS=Residual; DIS=No significant dominance
3404080001,Neither channel terrain-constrained,FFAS=No significant dominance; DIS=No significant dominance
3404090001,Neither channel terrain-constrained,FFAS=No significant dominance; DIS=No significant dominance
3404090002,Neither channel terrain-constrained,FFAS=No significant dominance; DIS=No significant dominance
3404090006,Neither channel terrain-constrained,FFAS=No significant dominance; DIS=Residual
3404090003,DIS terrain-constrained only,FFAS=Residual; DIS=Terrain
3404090005,Neither channel terrain-constrained,FFAS=Residual; DIS=Residual
3404090004,DIS terrain-constrained only,FFAS=No significant dominance; DIS=Terrain
3404100003,Neither channel terrain-constrained,FFAS=No significant dominance; DIS=No significant dominance
3404100002,Neither channel terrain-constrained,FFAS=No significant dominance; DIS=No significant dominance
3404100001,Neither channel terrain-constrained,FFAS=No significant dominance; DIS=No significant dominance
3404100004,Neither channel terrain-constrained,FFAS=Residual; DIS=No significant dominance
3404110005,Neither channel terrain-constrained,FFAS=Residual; DIS=Residual
3404110002,Neither channel terrain-constrained,FFAS=No significant dominance; DIS=No significant dominance
3404110001,Neither channel terrain-constrained,FFAS=Residual; DIS=No significant dominance
3404110003,Neither channel terrain-constrained,FFAS=No significant dominance; DIS=Residual
3404110004,Neither channel terrain-constrained,FFAS=Residual; DIS=No significant dominance
3404120002,Neither channel terrain-constrained,FFAS=No significant dominance; DIS=No significant dominance
3404120004,Neither channel terrain-constrained,FFAS=No significant dominance; DIS=Residual
3404120006,Neither channel terrain-constrained,FFAS=Residual; DIS=Residual
3404120003,Neither channel terrain-constrained,FFAS=Residual; DIS=No significant dominance
3404120005,Neither channel terrain-constrained,FFAS=No significant dominance; DIS=No significant dominance
3404120001,Neither channel terrain-constrained,FFAS=No significant dominance; DIS=No significant dominance
3404130003,Neither channel terrain-constrained,FFAS=No significant dominance; DIS=No significant dominance
3404130002,Neither channel terrain-constrained,FFAS=No significant dominance; DIS=Residual
3404130005,Neither channel terrain-constrained,FFAS=Residual; DIS=Residual
3404130001,Neither channel terrain-constrained,FFAS=Residual; DIS=No significant dominance
3404130004,Neither channel terrain-constrained,FFAS=Residual; DIS=No significant dominance
3404140003,Neither channel terrain-constrained,FFAS=Residual; DIS=Residual
3404140002,Neither channel terrain-constrained,FFAS=Residual; DIS=Residual
3404140001,Neither channel terrain-constrained,FFAS=Residual; DIS=Residual
3404140007,Neither channel terrain-constrained,FFAS=No significant dominance; DIS=Residual
3404140006,Neither channel terrain-constrained,FFAS=Residual; DIS=Residual
3404140008,Neither channel terrain-constrained,FFAS=Residual; DIS=No significant dominance
3404140005,Neither channel terrain-constrained,FFAS=Residual; DIS=Residual
3404140004,Neither channel terrain-constrained,FFAS=Residual; DIS=Residual
3404150001,Neither channel terrain-constrained,FFAS=Residual; DIS=Residual
3404150004,Neither channel terrain-constrained,FFAS=No significant dominance; DIS=No significant dominance
3404150002,Neither channel terrain-constrained,FFAS=No significant dominance; DIS=No significant dominance
3404150003,Neither channel terrain-constrained,FFAS=Residual; DIS=Residual
3404160002,Neither channel terrain-constrained,FFAS=No significant dominance; DIS=Residual
3404160005,DIS terrain-constrained only,FFAS=No significant dominance; DIS=Terrain
3404160003,Neither channel terrain-constrained,FFAS=Residual; DIS=No significant dominance
3404160004,Neither channel terrain-constrained,FFAS=No significant dominance; DIS=No significant dominance
3404160001,DIS terrain-constrained only,FFAS=No significant dominance; DIS=Terrain
3404170002,Neither channel terrain-constrained,FFAS=No significant dominance; DIS=Residual
3404170005,Neither channel terrain-constrained,FFAS=No significant dominance; DIS=No significant dominance
3404170003,DIS terrain-constrained only,FFAS=No significant dominance; DIS=Terrain
3404170004,Neither channel terrain-constrained,FFAS=Residual; DIS=Residual
3404170001,Neither channel terrain-constrained,FFAS=Residual; DIS=Residual
