village_id,priority_order,immediate_priority,priority_channel,dashboard_category_idn,dashboard_policy_tier_idn,Stage5_Category,Stage5_PolicyTier
3402050003,4,False,NONE,Monitoring / Tidak Perlu Ekspansi Segera,Monitoring / tanpa ekspansi segera,No Immediate Supply Priority / Monitoring,Monitoring / no immediate supply expansion
3402050002,4,False,NONE,Monitoring / Tidak Perlu Ekspansi Segera,Monitoring / tanpa ekspansi segera,No Immediate Supply Priority / Monitoring,Monitoring / no immediate supply expansion
3402050001,4,False,NONE,Monitoring / Tidak Perlu Ekspansi Segera,Monitoring / tanpa ekspansi segera,No Immediate Supply Priority / Monitoring,Monitoring / no immediate supply expansion
3402070001,4,False,NONE,Monitoring / Tidak Perlu Ekspansi Segera,Monitoring / tanpa ekspansi segera,No Immediate Supply Priority / Monitoring,Monitoring / no immediate supply expansion
3402070002,2,False,DIS,Prioritas Diagnostik Non-Terrain,Prioritas diagnostik,Non-Terrain / Diagnostic Priority,Diagnostic priority
3402070005,2,False,FFAS,Prioritas Diagnostik Non-Terrain,Prioritas diagnostik,Non-Terrain / Diagnostic Priority,Diagnostic priority
3402070004,4,False,NONE,Monitoring / Tidak Perlu Ekspansi Segera,Monitoring / tanpa ekspansi segera,No Immediate Supply Priority / Monitoring,Monitoring / no immediate supply expansion
3402070003,4,False,NONE,Monitoring / Tidak Perlu Ekspansi Segera,Monitoring / tanpa ekspansi segera,No Immediate Supply Priority / Monitoring,Monitoring / no immediate supply expansion
3402130004,4,False,NONE,Monitoring / Tidak Perlu Ekspansi Segera,Monitoring / tanpa ekspansi segera,No Immediate Supply Priority / Monitoring,Monitoring / no immediate supply expansion
3402130001,2,False,FFAS,Prioritas Diagnostik Non-Terrain,Prioritas diagnostik,Non-Terrain / Diagnostic Priority,Diagnostic priority
3402130006,4,False,NONE,Monitoring / Tidak Perlu Ekspansi Segera,Monitoring / tanpa ekspansi segera,No Immediate Supply Priority / Monitoring,Monitoring / no immediate supply expansion
3402130003,2,False,FFAS,Prioritas Diagnostik Non-Terrain,Prioritas diagnostik,Non-Terrain / Diagnostic Priority,Diagnostic priority
3402130008,4,False,NONE,Monitoring / Tidak Perlu Ekspansi Segera,Monitoring / tanpa ekspansi segera,No Immediate Supply Priority / Monitoring,Monitoring / no immediate supply expansion
3402130007,4,False,NONE,Monitoring / Tidak Perlu Ekspansi Segera,Monitoring / tanpa ekspansi segera,No Immediate Supply Priority / Monitoring,Monitoring / no immediate supply expansion
3402130002,2,False,FFAS,Prioritas Diagnostik Non-Terrain,Prioritas diagnostik,Non-Terrain / Diagnostic Priority,Diagnostic priority
3402130005,4,False,NONE,Monitoring / Tidak Perlu Ekspansi Segera,Monitoring / tanpa ekspansi segera,No Immediate Supply Priority / Monitoring,Monitoring / no immediate supply expansion
3402100004,4,False,NONE,Monitoring / Tidak Perlu Ekspansi Segera,Monitoring / tanpa ekspansi segera,No Immediate Supply Priority / Monitoring,Monitoring / no immediate supply expansion
3402100006,4,False,NONE,Monitoring / Tidak Perlu Ekspansi Segera,Monitoring / tanpa ekspansi segera,No Immediate Supply Priority / Monitoring,Monitoring / no immediate supply expansion
3402100001,3,False,NONE,Penguatan Struktural / Jangka Panjang,Penguatan jangka panjang,Structural Development / Long-Term Enabling,Long-term enabling
3402100002,3,False,NONE,Penguatan Struktural / Jangka Panjang,Penguatan jangka panjang,Structural Development / Long-Term Enabling,Long-term enabling
3402100005,3,False,NONE,Penguatan Struktural / Jangka Panjang,Penguatan jangka panjang,Structural Development / Long-Term Enabling,Long-term enabling
3402100003,3,False,NONE,Penguatan Struktural / Jangka Panjang,Penguatan jangka panjang,Structural Development / Long-Term Enabling,Long-term enabling
3402090002,3,False,NONE,Penguatan Struktural / Jangka Panjang,Penguatan jangka panjang,Structural Development / Long-Term Enabling,Long-term enabling
3402090008,4,False,NONE,Monitoring / Tidak Perlu Ekspansi Segera,Monitoring / tanpa ekspansi segera,No Immediate Supply Priority / Monitoring,Monitoring / no immediate supply expansion
3402090006,3,False,NONE,Penguatan Struktural / Jangka Panjang,Penguatan jangka panjang,Structural Development / Long-Term Enabling,Long-term enabling
3402090004,3,False,NONE,Penguatan Struktural / Jangka Panjang,Penguatan jangka panjang,Structural Development / Long-Term Enabling,Long-term enabling
3402090003,3,False,NONE,Penguatan Struktural / Jangka Panjang,Penguatan jangka panjang,Structural Development / Long-Term Enabling,Long-term enabling
3402090001,3,False,NONE,Penguatan Struktural / Jangka Panjang,Penguatan jangka panjang,Structural Development / Long-Term Enabling,Long-term enabling
3402090005,4,False,NONE,Monitoring / Tidak Perlu Ekspansi Segera,Monitoring / tanpa ekspansi segera,No Immediate Supply Priority / Monitoring,Monitoring / no immediate supply expansion
3402090007,4,False,NONE,Monitoring / Tidak Perlu Ekspansi Segera,Monitoring / tanpa ekspansi segera,No Immediate Supply Priority / Monitoring,Monitoring / no immediate supply expansion
3402080003,4,False,NONE,Monitoring / Tidak Perlu Ekspansi Segera,Monitoring / tanpa ekspansi segera,No Immediate Supply Priority / Monitoring,Monitoring / no immediate supply expansion
3402080001,4,False,NONE,Monitoring / Tidak Perlu Ekspansi Segera,Monitoring / tanpa ekspansi segera,No Immediate Supply Priority / Monitoring,Monitoring / no immediate supply expansion
3402080004,4,False,NONE,Monitoring / Tidak Perlu Ekspansi Segera,Monitoring / tanpa ekspansi segera,No Immediate Supply Priority / Monitoring,Monitoring / no immediate supply expansion
3402080002,4,False,NONE,Monitoring / Tidak Perlu Ekspansi Segera,Monitoring / tanpa ekspansi segera,No Immediate Supply Priority / Monitoring,Monitoring / no immediate supply expansion
3402150003,4,False,NONE,Monitoring / Tidak Perlu Ekspansi Segera,Monitoring / tanpa ekspansi segera,No Immediate Supply Priority / Monitoring,Monitoring / no immediate supply expansion
3402150002,4,False,NONE,Monitoring / Tidak Perlu Ekspansi Segera,Monitoring / tanpa ekspansi segera,No Immediate Supply Priority / Monitoring,Monitoring / no immediate supply expansion
3402150004,4,False,NONE,Monitoring / Tidak Perlu Ekspansi Segera,Monitoring / tanpa ekspansi segera,No Immediate Supply Priority / Monitoring,Monitoring / no immediate supply expansion
3402150001,4,False,NONE,Monitoring / Tidak Perlu Ekspansi Segera,Monitoring / tanpa ekspansi segera,No Immediate Supply Priority / Monitoring,Monitoring / no immediate supply expansion
3402030002,4,False,NONE,Monitoring / Tidak Perlu Ekspansi Segera,Monitoring / tanpa ekspansi segera,No Immediate Supply Priority / Monitoring,Monitoring / no immediate supply expansion
3402030001,3,False,NONE,Penguatan Struktural / Jangka Panjang,Penguatan jangka panjang,Structural Development / Long-Term Enabling,Long-term enabling
3402030005,3,False,NONE,Penguatan Struktural / Jangka Panjang,Penguatan jangka panjang,Structural Development / Long-Term Enabling,Long-term enabling
3402030004,3,False,NONE,Penguatan Struktural / Jangka Panjang,Penguatan jangka panjang,Structural Development / Long-Term Enabling,Long-term enabling
3402030003,4,False,NONE,Monitoring / Tidak Perlu Ekspansi Segera,Monitoring / tanpa ekspansi segera,No Immediate Supply Priority / Monitoring,Monitoring / no immediate supply expansion
3402160002,3,False,NONE,Penguatan Struktural / Jangka Panjang,Penguatan jangka panjang,Structural Development / Long-Term Enabling,Long-term enabling
3402160001,3,False,NONE,Penguatan Struktural / Jangka Panjang,Penguatan jangka panjang,Structural Development / Long-Term Enabling,Long-term enabling
3402160003,2,False,FFAS,Prioritas Diagnostik Non-Terrain,Prioritas diagnostik,Non-Terrain / Diagnostic Priority,Diagnostic priority
3402060004,3,False,NONE,Penguatan Struktural / Jangka Panjang,Penguatan jangka panjang,Structural Development / Long-Term Enabling,Long-term enabling
3402060002,3,False,NONE,Penguatan Struktural / Jangka Panjang,Penguatan jangka panjang,Structural Development / Long-Term Enabling,Long-term enabling
3402060001,3,False,NONE,Penguatan Struktural / Jangka Panjang,Penguatan jangka panjang,Structural Development / Long-Term Enabling,Long-term enabling
3402060003,4,False,NONE,Monitoring / Tidak Perlu Ekspansi Segera,Monitoring / tanpa ekspansi segera,No Immediate Supply Priority / Monitoring,Monitoring / no immediate supply expansion
3402120003,3,False,NONE,Penguatan Struktural / Jangka Panjang,Penguatan jangka panjang,Structural Development / Long-Term Enabling,Long-term enabling
3402120002,1,True,DIS,Prioritas Infrastruktur Digital,Prioritas pasokan spesifik kanal,Digital Infrastructure Priority,Channel-specific supply priority
3402120001,2,False,DIS,Prioritas Diagnostik Non-Terrain,Prioritas diagnostik,Non-Terrain / Diagnostic Priority,Diagnostic priority
3402110001,2,False,FFAS,Prioritas Diagnostik Non-Terrain,Prioritas diagnostik,Non-Terrain / Diagnostic Priority,Diagnostic priority
3402110005,3,False,NONE,Penguatan Struktural / Jangka Panjang,Penguatan jangka panjang,Structural Development / Long-Term Enabling,Long-term enabling
3402110002,2,False,FFAS,Prioritas Diagnostik Non-Terrain,Prioritas diagnostik,Non-Terrain / Diagnostic Priority,Diagnostic priority
3402110003,2,False,FFAS,Prioritas Diagnostik Non-Terrain,Prioritas diagnostik,Non-Terrain / Diagnostic Priority,Diagnostic priority
3402110004,3,False,NONE,Penguatan Struktural / Jangka Panjang,Penguatan jangka panjang,Structural Development / Long-Term Enabling,Long-term enabling
3402040003,4,False,NONE,Monitoring / Tidak Perlu Ekspansi Segera,Monitoring / tanpa ekspansi segera,No Immediate Supply Priority / Monitoring,Monitoring / no immediate supply expansion
3402040002,3,False,NONE,Penguatan Struktural / Jangka Panjang,Penguatan jangka panjang,Structural Development / Long-Term Enabling,Long-term enabling
3402040001,3,False,NONE,Penguatan Struktural / Jangka Panjang,Penguatan jangka panjang,Structural Development / Long-Term Enabling,Long-term enabling
3402020004,4,False,NONE,Monitoring / Tidak Perlu Ekspansi Segera,Monitoring / tanpa ekspansi segera,No Immediate Supply Priority / Monitoring,Monitoring / no immediate supply expansion
3402020003,4,False,NONE,Monitoring / Tidak Perlu Ekspansi Segera,Monitoring / tanpa ekspansi segera,No Immediate Supply Priority / Monitoring,Monitoring / no immediate supply expansion
3402020002,3,False,NONE,Penguatan Struktural / Jangka Panjang,Penguatan jangka panjang,Structural Development / Long-Term Enabling,Long-term enabling
3402020001,4,False,NONE,Monitoring / Tidak Perlu Ekspansi Segera,Monitoring / tanpa ekspansi segera,No Immediate Supply Priority / Monitoring,Monitoring / no immediate supply expansion
3402170002,3,False,NONE,Penguatan Struktural / Jangka Panjang,Penguatan jangka panjang,Structural Development / Long-Term Enabling,Long-term enabling
3402170003,4,False,NONE,Monitoring / Tidak Perlu Ekspansi Segera,Monitoring / tanpa ekspansi segera,No Immediate Supply Priority / Monitoring,Monitoring / no immediate supply expansion
3402170001,4,False,NONE,Monitoring / Tidak Perlu Ekspansi Segera,Monitoring / tanpa ekspansi segera,No Immediate Supply Priority / Monitoring,Monitoring / no immediate supply expansion
3402170004,4,False,NONE,Monitoring / Tidak Perlu Ekspansi Segera,Monitoring / tanpa ekspansi segera,No Immediate Supply Priority / Monitoring,Monitoring / no immediate supply expansion
3402140004,4,False,NONE,Monitoring / Tidak Perlu Ekspansi Segera,Monitoring / tanpa ekspansi segera,No Immediate Supply Priority / Monitoring,Monitoring / no immediate supply expansion
3402140001,4,False,NONE,Monitoring / Tidak Perlu Ekspansi Segera,Monitoring / tanpa ekspansi segera,No Immediate Supply Priority / Monitoring,Monitoring / no immediate supply expansion
3402140002,4,False,NONE,Monitoring / Tidak Perlu Ekspansi Segera,Monitoring / tanpa ekspansi segera,No Immediate Supply Priority / Monitoring,Monitoring / no immediate supply expansion
3402140003,4,False,NONE,Monitoring / Tidak Perlu Ekspansi Segera,Monitoring / tanpa ekspansi segera,No Immediate Supply Priority / Monitoring,Monitoring / no immediate supply expansion
3402010001,4,False,NONE,Monitoring / Tidak Perlu Ekspansi Segera,Monitoring / tanpa ekspansi segera,No Immediate Supply Priority / Monitoring,Monitoring / no immediate supply expansion
3402010002,4,False,NONE,Monitoring / Tidak Perlu Ekspansi Segera,Monitoring / tanpa ekspansi segera,No Immediate Supply Priority / Monitoring,Monitoring / no immediate supply expansion
3403090006,2,False,FFAS,Prioritas Diagnostik Non-Terrain,Prioritas diagnostik,Non-Terrain / Diagnostic Priority,Diagnostic priority
3403090008,4,False,NONE,Monitoring / Tidak Perlu Ekspansi Segera,Monitoring / tanpa ekspansi segera,No Immediate Supply Priority / Monitoring,Monitoring / no immediate supply expansion
3403090004,2,False,FFAS,Prioritas Diagnostik Non-Terrain,Prioritas diagnostik,Non-Terrain / Diagnostic Priority,Diagnostic priority
3403090010,4,False,NONE,Monitoring / Tidak Perlu Ekspansi Segera,Monitoring / tanpa ekspansi segera,No Immediate Supply Priority / Monitoring,Monitoring / no immediate supply expansion
3403090003,2,False,FFAS,Prioritas Diagnostik Non-Terrain,Prioritas diagnostik,Non-Terrain / Diagnostic Priority,Diagnostic priority
3403090014,1,True,BOTH,Prioritas Pasokan Ganda,Prioritas pasokan tinggi,Dual Supply Priority,High supply priority
3403090007,4,False,NONE,Monitoring / Tidak Perlu Ekspansi Segera,Monitoring / tanpa ekspansi segera,No Immediate Supply Priority / Monitoring,Monitoring / no immediate supply expansion
3403090013,2,False,FFAS,Prioritas Diagnostik Non-Terrain,Prioritas diagnostik,Non-Terrain / Diagnostic Priority,Diagnostic priority
3403090011,4,False,NONE,Monitoring / Tidak Perlu Ekspansi Segera,Monitoring / tanpa ekspansi segera,No Immediate Supply Priority / Monitoring,Monitoring / no immediate supply expansion
3403090002,4,False,NONE,Monitoring / Tidak Perlu Ekspansi Segera,Monitoring / tanpa ekspansi segera,No Immediate Supply Priority / Monitoring,Monitoring / no immediate supply expansion
3403090012,2,False,DIS,Prioritas Diagnostik Non-Terrain,Prioritas diagnostik,Non-Terrain / Diagnostic Priority,Diagnostic priority
3403090005,1,True,BOTH,Prioritas Pasokan Ganda,Prioritas pasokan tinggi,Dual Supply Priority,High supply priority
3403090009,2,False,FFAS,Prioritas Diagnostik Non-Terrain,Prioritas diagnostik,Non-Terrain / Diagnostic Priority,Diagnostic priority
3403090001,2,False,FFAS,Prioritas Diagnostik Non-Terrain,Prioritas diagnostik,Non-Terrain / Diagnostic Priority,Diagnostic priority
3403130001,2,False,DIS,Prioritas Diagnostik Non-Terrain,Prioritas diagnostik,Non-Terrain / Diagnostic Priority,Diagnostic priority
3403130007,3,False,NONE,Penguatan Struktural / Jangka Panjang,Penguatan jangka panjang,Structural Development / Long-Term Enabling,Long-term enabling
3403130002,2,False,DIS,Prioritas Diagnostik Non-Terrain,Prioritas diagnostik,Non-Terrain / Diagnostic Priority,Diagnostic priority
3403130003,3,False,NONE,Penguatan Struktural / Jangka Panjang,Penguatan jangka panjang,Structural Development / Long-Term Enabling,Long-term enabling
3403130006,3,False,NONE,Penguatan Struktural / Jangka Panjang,Penguatan jangka panjang,Structural Development / Long-Term Enabling,Long-term enabling
3403130005,1,True,BOTH,Prioritas Pasokan Ganda,Prioritas pasokan tinggi,Dual Supply Priority,High supply priority
3403130004,3,False,NONE,Penguatan Struktural / Jangka Panjang,Penguatan jangka panjang,Structural Development / Long-Term Enabling,Long-term enabling
3403100012,3,False,NONE,Penguatan Struktural / Jangka Panjang,Penguatan jangka panjang,Structural Development / Long-Term Enabling,Long-term enabling
3403100009,4,False,NONE,Monitoring / Tidak Perlu Ekspansi Segera,Monitoring / tanpa ekspansi segera,No Immediate Supply Priority / Monitoring,Monitoring / no immediate supply expansion
3403100001,3,False,NONE,Penguatan Struktural / Jangka Panjang,Penguatan jangka panjang,Structural Development / Long-Term Enabling,Long-term enabling
3403100003,4,False,NONE,Monitoring / Tidak Perlu Ekspansi Segera,Monitoring / tanpa ekspansi segera,No Immediate Supply Priority / Monitoring,Monitoring / no immediate supply expansion
3403100005,2,False,DIS,Prioritas Diagnostik Non-Terrain,Prioritas diagnostik,Non-Terrain / Diagnostic Priority,Diagnostic priority
3403100011,4,False,NONE,Monitoring / Tidak Perlu Ekspansi Segera,Monitoring / tanpa ekspansi segera,No Immediate Supply Priority / Monitoring,Monitoring / no immediate supply expansion
3403100004,2,False,FFAS,Prioritas Diagnostik Non-Terrain,Prioritas diagnostik,Non-Terrain / Diagnostic Priority,Diagnostic priority
3403100010,4,False,NONE,Monitoring / Tidak Perlu Ekspansi Segera,Monitoring / tanpa ekspansi segera,No Immediate Supply Priority / Monitoring,Monitoring / no immediate supply expansion
3403100008,2,False,FFAS,Prioritas Diagnostik Non-Terrain,Prioritas diagnostik,Non-Terrain / Diagnostic Priority,Diagnostic priority
3403100013,2,False,DIS,Prioritas Diagnostik Non-Terrain,Prioritas diagnostik,Non-Terrain / Diagnostic Priority,Diagnostic priority
3403100006,2,False,FFAS,Prioritas Diagnostik Non-Terrain,Prioritas diagnostik,Non-Terrain / Diagnostic Priority,Diagnostic priority
3403100007,4,False,NONE,Monitoring / Tidak Perlu Ekspansi Segera,Monitoring / tanpa ekspansi segera,No Immediate Supply Priority / Monitoring,Monitoring / no immediate supply expansion
3403100002,2,False,FFAS,Prioritas Diagnostik Non-Terrain,Prioritas diagnostik,Non-Terrain / Diagnostic Priority,Diagnostic priority
3403110011,3,False,NONE,Penguatan Struktural / Jangka Panjang,Penguatan jangka panjang,Structural Development / Long-Term Enabling,Long-term enabling
3403110003,3,False,NONE,Penguatan Struktural / Jangka Panjang,Penguatan jangka panjang,Structural Development / Long-Term Enabling,Long-term enabling
3403110004,4,False,NONE,Monitoring / Tidak Perlu Ekspansi Segera,Monitoring / tanpa ekspansi segera,No Immediate Supply Priority / Monitoring,Monitoring / no immediate supply expansion
3403110010,3,False,NONE,Penguatan Struktural / Jangka Panjang,Penguatan jangka panjang,Structural Development / Long-Term Enabling,Long-term enabling
3403110005,3,False,NONE,Penguatan Struktural / Jangka Panjang,Penguatan jangka panjang,Structural Development / Long-Term Enabling,Long-term enabling
3403110009,4,False,NONE,Monitoring / Tidak Perlu Ekspansi Segera,Monitoring / tanpa ekspansi segera,No Immediate Supply Priority / Monitoring,Monitoring / no immediate supply expansion
3403110008,4,False,NONE,Monitoring / Tidak Perlu Ekspansi Segera,Monitoring / tanpa ekspansi segera,No Immediate Supply Priority / Monitoring,Monitoring / no immediate supply expansion
3403110002,3,False,NONE,Penguatan Struktural / Jangka Panjang,Penguatan jangka panjang,Structural Development / Long-Term Enabling,Long-term enabling
3403110006,3,False,NONE,Penguatan Struktural / Jangka Panjang,Penguatan jangka panjang,Structural Development / Long-Term Enabling,Long-term enabling
3403110007,3,False,NONE,Penguatan Struktural / Jangka Panjang,Penguatan jangka panjang,Structural Development / Long-Term Enabling,Long-term enabling
3403110001,3,False,NONE,Penguatan Struktural / Jangka Panjang,Penguatan jangka panjang,Structural Development / Long-Term Enabling,Long-term enabling
3403020005,2,False,DIS,Prioritas Diagnostik Non-Terrain,Prioritas diagnostik,Non-Terrain / Diagnostic Priority,Diagnostic priority
3403020007,4,False,NONE,Monitoring / Tidak Perlu Ekspansi Segera,Monitoring / tanpa ekspansi segera,No Immediate Supply Priority / Monitoring,Monitoring / no immediate supply expansion
3403020002,4,False,NONE,Monitoring / Tidak Perlu Ekspansi Segera,Monitoring / tanpa ekspansi segera,No Immediate Supply Priority / Monitoring,Monitoring / no immediate supply expansion
3403020001,2,False,DIS,Prioritas Diagnostik Non-Terrain,Prioritas diagnostik,Non-Terrain / Diagnostic Priority,Diagnostic priority
3403020003,1,True,BOTH,Prioritas Pasokan Ganda,Prioritas pasokan tinggi,Dual Supply Priority,High supply priority
3403020006,2,False,DIS,Prioritas Diagnostik Non-Terrain,Prioritas diagnostik,Non-Terrain / Diagnostic Priority,Diagnostic priority
3403020004,1,True,BOTH,Prioritas Pasokan Ganda,Prioritas pasokan tinggi,Dual Supply Priority,High supply priority
3403010006,3,False,NONE,Penguatan Struktural / Jangka Panjang,Penguatan jangka panjang,Structural Development / Long-Term Enabling,Long-term enabling
3403010011,1,True,BOTH,Prioritas Pasokan Ganda,Prioritas pasokan tinggi,Dual Supply Priority,High supply priority
3403010009,3,False,NONE,Penguatan Struktural / Jangka Panjang,Penguatan jangka panjang,Structural Development / Long-Term Enabling,Long-term enabling
3403010008,3,False,NONE,Penguatan Struktural / Jangka Panjang,Penguatan jangka panjang,Structural Development / Long-Term Enabling,Long-term enabling
3403010010,1,True,BOTH,Prioritas Pasokan Ganda,Prioritas pasokan tinggi,Dual Supply Priority,High supply priority
3403010007,3,False,NONE,Penguatan Struktural / Jangka Panjang,Penguatan jangka panjang,Structural Development / Long-Term Enabling,Long-term enabling
3403040005,4,False,NONE,Monitoring / Tidak Perlu Ekspansi Segera,Monitoring / tanpa ekspansi segera,No Immediate Supply Priority / Monitoring,Monitoring / no immediate supply expansion
3403040006,3,False,NONE,Penguatan Struktural / Jangka Panjang,Penguatan jangka panjang,Structural Development / Long-Term Enabling,Long-term enabling
3403040008,1,True,BOTH,Prioritas Pasokan Ganda,Prioritas pasokan tinggi,Dual Supply Priority,High supply priority
3403040007,3,False,NONE,Penguatan Struktural / Jangka Panjang,Penguatan jangka panjang,Structural Development / Long-Term Enabling,Long-term enabling
3403040009,1,True,BOTH,Prioritas Pasokan Ganda,Prioritas pasokan tinggi,Dual Supply Priority,High supply priority
3403060001,2,False,FFAS,Prioritas Diagnostik Non-Terrain,Prioritas diagnostik,Non-Terrain / Diagnostic Priority,Diagnostic priority
3403060005,4,False,NONE,Monitoring / Tidak Perlu Ekspansi Segera,Monitoring / tanpa ekspansi segera,No Immediate Supply Priority / Monitoring,Monitoring / no immediate supply expansion
3403060004,1,True,BOTH,Prioritas Pasokan Ganda,Prioritas pasokan tinggi,Dual Supply Priority,High supply priority
3403060002,4,False,NONE,Monitoring / Tidak Perlu Ekspansi Segera,Monitoring / tanpa ekspansi segera,No Immediate Supply Priority / Monitoring,Monitoring / no immediate supply expansion
3403060003,1,True,BOTH,Prioritas Pasokan Ganda,Prioritas pasokan tinggi,Dual Supply Priority,High supply priority
3403080002,4,False,NONE,Monitoring / Tidak Perlu Ekspansi Segera,Monitoring / tanpa ekspansi segera,No Immediate Supply Priority / Monitoring,Monitoring / no immediate supply expansion
3403080003,2,False,DIS,Prioritas Diagnostik Non-Terrain,Prioritas diagnostik,Non-Terrain / Diagnostic Priority,Diagnostic priority
3403080001,2,False,DIS,Prioritas Diagnostik Non-Terrain,Prioritas diagnostik,Non-Terrain / Diagnostic Priority,Diagnostic priority
3403080004,2,False,DIS,Prioritas Diagnostik Non-Terrain,Prioritas diagnostik,Non-Terrain / Diagnostic Priority,Diagnostic priority
3403080008,2,False,DIS,Prioritas Diagnostik Non-Terrain,Prioritas diagnostik,Non-Terrain / Diagnostic Priority,Diagnostic priority
3403080007,4,False,NONE,Monitoring / Tidak Perlu Ekspansi Segera,Monitoring / tanpa ekspansi segera,No Immediate Supply Priority / Monitoring,Monitoring / no immediate supply expansion
3403080009,2,False,DIS,Prioritas Diagnostik Non-Terrain,Prioritas diagnostik,Non-Terrain / Diagnostic Priority,Diagnostic priority
3403080006,1,True,BOTH,Prioritas Pasokan Ganda,Prioritas pasokan tinggi,Dual Supply Priority,High supply priority
3403080005,1,True,BOTH,Prioritas Pasokan Ganda,Prioritas pasokan tinggi,Dual Supply Priority,High supply priority
3403070003,2,False,FFAS,Prioritas Diagnostik Non-Terrain,Prioritas diagnostik,Non-Terrain / Diagnostic Priority,Diagnostic priority
3403070006,4,False,NONE,Monitoring / Tidak Perlu Ekspansi Segera,Monitoring / tanpa ekspansi segera,No Immediate Supply Priority / Monitoring,Monitoring / no immediate supply expansion
3403070004,1,True,BOTH,Prioritas Pasokan Ganda,Prioritas pasokan tinggi,Dual Supply Priority,High supply priority
3403070008,1,True,BOTH,Prioritas Pasokan Ganda,Prioritas pasokan tinggi,Dual Supply Priority,High supply priority
3403070005,4,False,NONE,Monitoring / Tidak Perlu Ekspansi Segera,Monitoring / tanpa ekspansi segera,No Immediate Supply Priority / Monitoring,Monitoring / no immediate supply expansion
3403070010,3,False,NONE,Penguatan Struktural / Jangka Panjang,Penguatan jangka panjang,Structural Development / Long-Term Enabling,Long-term enabling
3403070007,3,False,NONE,Penguatan Struktural / Jangka Panjang,Penguatan jangka panjang,Structural Development / Long-Term Enabling,Long-term enabling
3403070009,3,False,NONE,Penguatan Struktural / Jangka Panjang,Penguatan jangka panjang,Structural Development / Long-Term Enabling,Long-term enabling
3403070011,1,True,BOTH,Prioritas Pasokan Ganda,Prioritas pasokan tinggi,Dual Supply Priority,High supply priority
3403070001,1,True,BOTH,Prioritas Pasokan Ganda,Prioritas pasokan tinggi,Dual Supply Priority,High supply priority
3403070002,1,True,BOTH,Prioritas Pasokan Ganda,Prioritas pasokan tinggi,Dual Supply Priority,High supply priority
3403050010,3,False,NONE,Penguatan Struktural / Jangka Panjang,Penguatan jangka panjang,Structural Development / Long-Term Enabling,Long-term enabling
3403050012,1,True,BOTH,Prioritas Pasokan Ganda,Prioritas pasokan tinggi,Dual Supply Priority,High supply priority
3403050007,3,False,NONE,Penguatan Struktural / Jangka Panjang,Penguatan jangka panjang,Structural Development / Long-Term Enabling,Long-term enabling
3403050011,1,True,BOTH,Prioritas Pasokan Ganda,Prioritas pasokan tinggi,Dual Supply Priority,High supply priority
3403050015,1,True,BOTH,Prioritas Pasokan Ganda,Prioritas pasokan tinggi,Dual Supply Priority,High supply priority
3403050013,1,True,BOTH,Prioritas Pasokan Ganda,Prioritas pasokan tinggi,Dual Supply Priority,High supply priority
3403050016,3,False,NONE,Penguatan Struktural / Jangka Panjang,Penguatan jangka panjang,Structural Development / Long-Term Enabling,Long-term enabling
3403050014,4,False,NONE,Monitoring / Tidak Perlu Ekspansi Segera,Monitoring / tanpa ekspansi segera,No Immediate Supply Priority / Monitoring,Monitoring / no immediate supply expansion
3403150008,1,True,BOTH,Prioritas Pasokan Ganda,Prioritas pasokan tinggi,Dual Supply Priority,High supply priority
3403150007,2,False,FFAS,Prioritas Diagnostik Non-Terrain,Prioritas diagnostik,Non-Terrain / Diagnostic Priority,Diagnostic priority
3403150010,1,True,BOTH,Prioritas Pasokan Ganda,Prioritas pasokan tinggi,Dual Supply Priority,High supply priority
3403150001,1,True,BOTH,Prioritas Pasokan Ganda,Prioritas pasokan tinggi,Dual Supply Priority,High supply priority
3403150005,1,True,DIS,Prioritas Infrastruktur Digital,Prioritas pasokan spesifik kanal,Digital Infrastructure Priority,Channel-specific supply priority
3403150002,1,True,BOTH,Prioritas Pasokan Ganda,Prioritas pasokan tinggi,Dual Supply Priority,High supply priority
3403150004,3,False,NONE,Penguatan Struktural / Jangka Panjang,Penguatan jangka panjang,Structural Development / Long-Term Enabling,Long-term enabling
3403150006,1,True,BOTH,Prioritas Pasokan Ganda,Prioritas pasokan tinggi,Dual Supply Priority,High supply priority
3403150003,4,False,NONE,Monitoring / Tidak Perlu Ekspansi Segera,Monitoring / tanpa ekspansi segera,No Immediate Supply Priority / Monitoring,Monitoring / no immediate supply expansion
3403150009,2,False,FFAS,Prioritas Diagnostik Non-Terrain,Prioritas diagnostik,Non-Terrain / Diagnostic Priority,Diagnostic priority
3403140005,2,False,FFAS,Prioritas Diagnostik Non-Terrain,Prioritas diagnostik,Non-Terrain / Diagnostic Priority,Diagnostic priority
3403140002,3,False,NONE,Penguatan Struktural / Jangka Panjang,Penguatan jangka panjang,Structural Development / Long-Term Enabling,Long-term enabling
3403140004,1,True,BOTH,Prioritas Pasokan Ganda,Prioritas pasokan tinggi,Dual Supply Priority,High supply priority
3403140003,2,False,FFAS,Prioritas Diagnostik Non-Terrain,Prioritas diagnostik,Non-Terrain / Diagnostic Priority,Diagnostic priority
3403140006,3,False,NONE,Penguatan Struktural / Jangka Panjang,Penguatan jangka panjang,Structural Development / Long-Term Enabling,Long-term enabling
3403140001,1,True,BOTH,Prioritas Pasokan Ganda,Prioritas pasokan tinggi,Dual Supply Priority,High supply priority
3403120004,1,True,BOTH,Prioritas Pasokan Ganda,Prioritas pasokan tinggi,Dual Supply Priority,High supply priority
3403120005,3,False,NONE,Penguatan Struktural / Jangka Panjang,Penguatan jangka panjang,Structural Development / Long-Term Enabling,Long-term enabling
3403120002,1,True,BOTH,Prioritas Pasokan Ganda,Prioritas pasokan tinggi,Dual Supply Priority,High supply priority
3403120003,3,False,NONE,Penguatan Struktural / Jangka Panjang,Penguatan jangka panjang,Structural Development / Long-Term Enabling,Long-term enabling
3403120001,3,False,NONE,Penguatan Struktural / Jangka Panjang,Penguatan jangka panjang,Structural Development / Long-Term Enabling,Long-term enabling
3403120006,3,False,NONE,Penguatan Struktural / Jangka Panjang,Penguatan jangka panjang,Structural Development / Long-Term Enabling,Long-term enabling
3403120007,3,False,NONE,Penguatan Struktural / Jangka Panjang,Penguatan jangka panjang,Structural Development / Long-Term Enabling,Long-term enabling
3403030002,1,True,BOTH,Prioritas Pasokan Ganda,Prioritas pasokan tinggi,Dual Supply Priority,High supply priority
3403030007,2,False,DIS,Prioritas Diagnostik Non-Terrain,Prioritas diagnostik,Non-Terrain / Diagnostic Priority,Diagnostic priority
3403030004,1,True,BOTH,Prioritas Pasokan Ganda,Prioritas pasokan tinggi,Dual Supply Priority,High supply priority
3403030005,4,False,NONE,Monitoring / Tidak Perlu Ekspansi Segera,Monitoring / tanpa ekspansi segera,No Immediate Supply Priority / Monitoring,Monitoring / no immediate supply expansion
3403030001,3,False,NONE,Penguatan Struktural / Jangka Panjang,Penguatan jangka panjang,Structural Development / Long-Term Enabling,Long-term enabling
3403030006,1,True,BOTH,Prioritas Pasokan Ganda,Prioritas pasokan tinggi,Dual Supply Priority,High supply priority
3403030003,1,True,BOTH,Prioritas Pasokan Ganda,Prioritas pasokan tinggi,Dual Supply Priority,High supply priority
3403051001,3,False,NONE,Penguatan Struktural / Jangka Panjang,Penguatan jangka panjang,Structural Development / Long-Term Enabling,Long-term enabling
3403051002,1,True,BOTH,Prioritas Pasokan Ganda,Prioritas pasokan tinggi,Dual Supply Priority,High supply priority
3403051006,4,False,NONE,Monitoring / Tidak Perlu Ekspansi Segera,Monitoring / tanpa ekspansi segera,No Immediate Supply Priority / Monitoring,Monitoring / no immediate supply expansion
3403051003,1,True,BOTH,Prioritas Pasokan Ganda,Prioritas pasokan tinggi,Dual Supply Priority,High supply priority
3403051005,1,True,BOTH,Prioritas Pasokan Ganda,Prioritas pasokan tinggi,Dual Supply Priority,High supply priority
3403051007,3,False,NONE,Penguatan Struktural / Jangka Panjang,Penguatan jangka panjang,Structural Development / Long-Term Enabling,Long-term enabling
3403051008,3,False,NONE,Penguatan Struktural / Jangka Panjang,Penguatan jangka panjang,Structural Development / Long-Term Enabling,Long-term enabling
3403051004,3,False,NONE,Penguatan Struktural / Jangka Panjang,Penguatan jangka panjang,Structural Development / Long-Term Enabling,Long-term enabling
3403041001,4,False,NONE,Monitoring / Tidak Perlu Ekspansi Segera,Monitoring / tanpa ekspansi segera,No Immediate Supply Priority / Monitoring,Monitoring / no immediate supply expansion
3403041003,1,True,BOTH,Prioritas Pasokan Ganda,Prioritas pasokan tinggi,Dual Supply Priority,High supply priority
3403041005,1,True,BOTH,Prioritas Pasokan Ganda,Prioritas pasokan tinggi,Dual Supply Priority,High supply priority
3403041002,1,True,DIS,Prioritas Infrastruktur Digital,Prioritas pasokan spesifik kanal,Digital Infrastructure Priority,Channel-specific supply priority
3403041004,1,True,BOTH,Prioritas Pasokan Ganda,Prioritas pasokan tinggi,Dual Supply Priority,High supply priority
3403011002,3,False,NONE,Penguatan Struktural / Jangka Panjang,Penguatan jangka panjang,Structural Development / Long-Term Enabling,Long-term enabling
3403011003,3,False,NONE,Penguatan Struktural / Jangka Panjang,Penguatan jangka panjang,Structural Development / Long-Term Enabling,Long-term enabling
3403011005,3,False,NONE,Penguatan Struktural / Jangka Panjang,Penguatan jangka panjang,Structural Development / Long-Term Enabling,Long-term enabling
3403011001,3,False,NONE,Penguatan Struktural / Jangka Panjang,Penguatan jangka panjang,Structural Development / Long-Term Enabling,Long-term enabling
3403011004,3,False,NONE,Penguatan Struktural / Jangka Panjang,Penguatan jangka panjang,Structural Development / Long-Term Enabling,Long-term enabling
3471140004,1,True,BOTH,Prioritas Pasokan Ganda,Prioritas pasokan tinggi,Dual Supply Priority,High supply priority
3471140001,2,False,FFAS,Prioritas Diagnostik Non-Terrain,Prioritas diagnostik,Non-Terrain / Diagnostic Priority,Diagnostic priority
3471140003,4,False,NONE,Monitoring / Tidak Perlu Ekspansi Segera,Monitoring / tanpa ekspansi segera,No Immediate Supply Priority / Monitoring,Monitoring / no immediate supply expansion
3471140002,1,True,BOTH,Prioritas Pasokan Ganda,Prioritas pasokan tinggi,Dual Supply Priority,High supply priority
3471130001,4,False,NONE,Monitoring / Tidak Perlu Ekspansi Segera,Monitoring / tanpa ekspansi segera,No Immediate Supply Priority / Monitoring,Monitoring / no immediate supply expansion
3471130003,4,False,NONE,Monitoring / Tidak Perlu Ekspansi Segera,Monitoring / tanpa ekspansi segera,No Immediate Supply Priority / Monitoring,Monitoring / no immediate supply expansion
3471130002,4,False,NONE,Monitoring / Tidak Perlu Ekspansi Segera,Monitoring / tanpa ekspansi segera,No Immediate Supply Priority / Monitoring,Monitoring / no immediate supply expansion
3471060005,4,False,NONE,Monitoring / Tidak Perlu Ekspansi Segera,Monitoring / tanpa ekspansi segera,No Immediate Supply Priority / Monitoring,Monitoring / no immediate supply expansion
3471060003,4,False,NONE,Monitoring / Tidak Perlu Ekspansi Segera,Monitoring / tanpa ekspansi segera,No Immediate Supply Priority / Monitoring,Monitoring / no immediate supply expansion
3471060004,4,False,NONE,Monitoring / Tidak Perlu Ekspansi Segera,Monitoring / tanpa ekspansi segera,No Immediate Supply Priority / Monitoring,Monitoring / no immediate supply expansion
3471060001,2,False,FFAS,Prioritas Diagnostik Non-Terrain,Prioritas diagnostik,Non-Terrain / Diagnostic Priority,Diagnostic priority
3471060002,4,False,NONE,Monitoring / Tidak Perlu Ekspansi Segera,Monitoring / tanpa ekspansi segera,No Immediate Supply Priority / Monitoring,Monitoring / no immediate supply expansion
3471070001,2,False,FFAS,Prioritas Diagnostik Non-Terrain,Prioritas diagnostik,Non-Terrain / Diagnostic Priority,Diagnostic priority
3471070002,1,True,BOTH,Prioritas Pasokan Ganda,Prioritas pasokan tinggi,Dual Supply Priority,High supply priority
3471070003,4,False,NONE,Monitoring / Tidak Perlu Ekspansi Segera,Monitoring / tanpa ekspansi segera,No Immediate Supply Priority / Monitoring,Monitoring / no immediate supply expansion
3471120001,4,False,NONE,Monitoring / Tidak Perlu Ekspansi Segera,Monitoring / tanpa ekspansi segera,No Immediate Supply Priority / Monitoring,Monitoring / no immediate supply expansion
3471120002,2,False,DIS,Prioritas Diagnostik Non-Terrain,Prioritas diagnostik,Non-Terrain / Diagnostic Priority,Diagnostic priority
3471100001,2,False,DIS,Prioritas Diagnostik Non-Terrain,Prioritas diagnostik,Non-Terrain / Diagnostic Priority,Diagnostic priority
3471100002,2,False,DIS,Prioritas Diagnostik Non-Terrain,Prioritas diagnostik,Non-Terrain / Diagnostic Priority,Diagnostic priority
3471110002,4,False,NONE,Monitoring / Tidak Perlu Ekspansi Segera,Monitoring / tanpa ekspansi segera,No Immediate Supply Priority / Monitoring,Monitoring / no immediate supply expansion
3471110003,4,False,NONE,Monitoring / Tidak Perlu Ekspansi Segera,Monitoring / tanpa ekspansi segera,No Immediate Supply Priority / Monitoring,Monitoring / no immediate supply expansion
3471110001,4,False,NONE,Monitoring / Tidak Perlu Ekspansi Segera,Monitoring / tanpa ekspansi segera,No Immediate Supply Priority / Monitoring,Monitoring / no immediate supply expansion
3471010002,4,False,NONE,Monitoring / Tidak Perlu Ekspansi Segera,Monitoring / tanpa ekspansi segera,No Immediate Supply Priority / Monitoring,Monitoring / no immediate supply expansion
3471010003,4,False,NONE,Monitoring / Tidak Perlu Ekspansi Segera,Monitoring / tanpa ekspansi segera,No Immediate Supply Priority / Monitoring,Monitoring / no immediate supply expansion
3471010001,4,False,NONE,Monitoring / Tidak Perlu Ekspansi Segera,Monitoring / tanpa ekspansi segera,No Immediate Supply Priority / Monitoring,Monitoring / no immediate supply expansion
3471020002,2,False,FFAS,Prioritas Diagnostik Non-Terrain,Prioritas diagnostik,Non-Terrain / Diagnostic Priority,Diagnostic priority
3471020001,2,False,FFAS,Prioritas Diagnostik Non-Terrain,Prioritas diagnostik,Non-Terrain / Diagnostic Priority,Diagnostic priority
3471020003,2,False,FFAS,Prioritas Diagnostik Non-Terrain,Prioritas diagnostik,Non-Terrain / Diagnostic Priority,Diagnostic priority
3471090001,4,False,NONE,Monitoring / Tidak Perlu Ekspansi Segera,Monitoring / tanpa ekspansi segera,No Immediate Supply Priority / Monitoring,Monitoring / no immediate supply expansion
3471090002,4,False,NONE,Monitoring / Tidak Perlu Ekspansi Segera,Monitoring / tanpa ekspansi segera,No Immediate Supply Priority / Monitoring,Monitoring / no immediate supply expansion
3471080001,2,False,FFAS,Prioritas Diagnostik Non-Terrain,Prioritas diagnostik,Non-Terrain / Diagnostic Priority,Diagnostic priority
3471080002,2,False,FFAS,Prioritas Diagnostik Non-Terrain,Prioritas diagnostik,Non-Terrain / Diagnostic Priority,Diagnostic priority
3471030003,2,False,FFAS,Prioritas Diagnostik Non-Terrain,Prioritas diagnostik,Non-Terrain / Diagnostic Priority,Diagnostic priority
3471030002,4,False,NONE,Monitoring / Tidak Perlu Ekspansi Segera,Monitoring / tanpa ekspansi segera,No Immediate Supply Priority / Monitoring,Monitoring / no immediate supply expansion
3471030001,4,False,NONE,Monitoring / Tidak Perlu Ekspansi Segera,Monitoring / tanpa ekspansi segera,No Immediate Supply Priority / Monitoring,Monitoring / no immediate supply expansion
3471040003,2,False,FFAS,Prioritas Diagnostik Non-Terrain,Prioritas diagnostik,Non-Terrain / Diagnostic Priority,Diagnostic priority
3471040005,4,False,NONE,Monitoring / Tidak Perlu Ekspansi Segera,Monitoring / tanpa ekspansi segera,No Immediate Supply Priority / Monitoring,Monitoring / no immediate supply expansion
3471040007,2,False,DIS,Prioritas Diagnostik Non-Terrain,Prioritas diagnostik,Non-Terrain / Diagnostic Priority,Diagnostic priority
3471040006,4,False,NONE,Monitoring / Tidak Perlu Ekspansi Segera,Monitoring / tanpa ekspansi segera,No Immediate Supply Priority / Monitoring,Monitoring / no immediate supply expansion
3471040004,4,False,NONE,Monitoring / Tidak Perlu Ekspansi Segera,Monitoring / tanpa ekspansi segera,No Immediate Supply Priority / Monitoring,Monitoring / no immediate supply expansion
3471040002,4,False,NONE,Monitoring / Tidak Perlu Ekspansi Segera,Monitoring / tanpa ekspansi segera,No Immediate Supply Priority / Monitoring,Monitoring / no immediate supply expansion
3471040001,4,False,NONE,Monitoring / Tidak Perlu Ekspansi Segera,Monitoring / tanpa ekspansi segera,No Immediate Supply Priority / Monitoring,Monitoring / no immediate supply expansion
3471050001,2,False,FFAS,Prioritas Diagnostik Non-Terrain,Prioritas diagnostik,Non-Terrain / Diagnostic Priority,Diagnostic priority
3471050002,4,False,NONE,Monitoring / Tidak Perlu Ekspansi Segera,Monitoring / tanpa ekspansi segera,No Immediate Supply Priority / Monitoring,Monitoring / no immediate supply expansion
3471050003,4,False,NONE,Monitoring / Tidak Perlu Ekspansi Segera,Monitoring / tanpa ekspansi segera,No Immediate Supply Priority / Monitoring,Monitoring / no immediate supply expansion
3401010003,2,False,FFAS,Prioritas Diagnostik Non-Terrain,Prioritas diagnostik,Non-Terrain / Diagnostic Priority,Diagnostic priority
3401010010,3,False,NONE,Penguatan Struktural / Jangka Panjang,Penguatan jangka panjang,Structural Development / Long-Term Enabling,Long-term enabling
3401010012,4,False,NONE,Monitoring / Tidak Perlu Ekspansi Segera,Monitoring / tanpa ekspansi segera,No Immediate Supply Priority / Monitoring,Monitoring / no immediate supply expansion
3401010015,1,True,BOTH,Prioritas Pasokan Ganda,Prioritas pasokan tinggi,Dual Supply Priority,High supply priority
3401010013,3,False,NONE,Penguatan Struktural / Jangka Panjang,Penguatan jangka panjang,Structural Development / Long-Term Enabling,Long-term enabling
3401010011,4,False,NONE,Monitoring / Tidak Perlu Ekspansi Segera,Monitoring / tanpa ekspansi segera,No Immediate Supply Priority / Monitoring,Monitoring / no immediate supply expansion
3401010007,3,False,NONE,Penguatan Struktural / Jangka Panjang,Penguatan jangka panjang,Structural Development / Long-Term Enabling,Long-term enabling
3401010006,3,False,NONE,Penguatan Struktural / Jangka Panjang,Penguatan jangka panjang,Structural Development / Long-Term Enabling,Long-term enabling
3401010009,3,False,NONE,Penguatan Struktural / Jangka Panjang,Penguatan jangka panjang,Structural Development / Long-Term Enabling,Long-term enabling
3401010002,2,False,FFAS,Prioritas Diagnostik Non-Terrain,Prioritas diagnostik,Non-Terrain / Diagnostic Priority,Diagnostic priority
3401010005,3,False,NONE,Penguatan Struktural / Jangka Panjang,Penguatan jangka panjang,Structural Development / Long-Term Enabling,Long-term enabling
3401010008,3,False,NONE,Penguatan Struktural / Jangka Panjang,Penguatan jangka panjang,Structural Development / Long-Term Enabling,Long-term enabling
3401010004,1,True,BOTH,Prioritas Pasokan Ganda,Prioritas pasokan tinggi,Dual Supply Priority,High supply priority
3401010001,1,True,BOTH,Prioritas Pasokan Ganda,Prioritas pasokan tinggi,Dual Supply Priority,High supply priority
3401010014,3,False,NONE,Penguatan Struktural / Jangka Panjang,Penguatan jangka panjang,Structural Development / Long-Term Enabling,Long-term enabling
3401020001,2,False,DIS,Prioritas Diagnostik Non-Terrain,Prioritas diagnostik,Non-Terrain / Diagnostic Priority,Diagnostic priority
3401020003,3,False,NONE,Penguatan Struktural / Jangka Panjang,Penguatan jangka panjang,Structural Development / Long-Term Enabling,Long-term enabling
3401020005,3,False,NONE,Penguatan Struktural / Jangka Panjang,Penguatan jangka panjang,Structural Development / Long-Term Enabling,Long-term enabling
3401020004,3,False,NONE,Penguatan Struktural / Jangka Panjang,Penguatan jangka panjang,Structural Development / Long-Term Enabling,Long-term enabling
3401020002,3,False,NONE,Penguatan Struktural / Jangka Panjang,Penguatan jangka panjang,Structural Development / Long-Term Enabling,Long-term enabling
3401020008,4,False,NONE,Monitoring / Tidak Perlu Ekspansi Segera,Monitoring / tanpa ekspansi segera,No Immediate Supply Priority / Monitoring,Monitoring / no immediate supply expansion
3401020006,4,False,NONE,Monitoring / Tidak Perlu Ekspansi Segera,Monitoring / tanpa ekspansi segera,No Immediate Supply Priority / Monitoring,Monitoring / no immediate supply expansion
3401020007,4,False,NONE,Monitoring / Tidak Perlu Ekspansi Segera,Monitoring / tanpa ekspansi segera,No Immediate Supply Priority / Monitoring,Monitoring / no immediate supply expansion
3401030009,3,False,NONE,Penguatan Struktural / Jangka Panjang,Penguatan jangka panjang,Structural Development / Long-Term Enabling,Long-term enabling
3401030004,3,False,NONE,Penguatan Struktural / Jangka Panjang,Penguatan jangka panjang,Structural Development / Long-Term Enabling,Long-term enabling
3401030007,3,False,NONE,Penguatan Struktural / Jangka Panjang,Penguatan jangka panjang,Structural Development / Long-Term Enabling,Long-term enabling
3401030002,3,False,NONE,Penguatan Struktural / Jangka Panjang,Penguatan jangka panjang,Structural Development / Long-Term Enabling,Long-term enabling
3401030011,3,False,NONE,Penguatan Struktural / Jangka Panjang,Penguatan jangka panjang,Structural Development / Long-Term Enabling,Long-term enabling
3401030006,4,False,NONE,Monitoring / Tidak Perlu Ekspansi Segera,Monitoring / tanpa ekspansi segera,No Immediate Supply Priority / Monitoring,Monitoring / no immediate supply expansion
3401030003,3,False,NONE,Penguatan Struktural / Jangka Panjang,Penguatan jangka panjang,Structural Development / Long-Term Enabling,Long-term enabling
3401030010,3,False,NONE,Penguatan Struktural / Jangka Panjang,Penguatan jangka panjang,Structural Development / Long-Term Enabling,Long-term enabling
3401030005,4,False,NONE,Monitoring / Tidak Perlu Ekspansi Segera,Monitoring / tanpa ekspansi segera,No Immediate Supply Priority / Monitoring,Monitoring / no immediate supply expansion
3401030001,3,False,NONE,Penguatan Struktural / Jangka Panjang,Penguatan jangka panjang,Structural Development / Long-Term Enabling,Long-term enabling
3401030008,3,False,NONE,Penguatan Struktural / Jangka Panjang,Penguatan jangka panjang,Structural Development / Long-Term Enabling,Long-term enabling
3401040004,3,False,NONE,Penguatan Struktural / Jangka Panjang,Penguatan jangka panjang,Structural Development / Long-Term Enabling,Long-term enabling
3401040006,4,False,NONE,Monitoring / Tidak Perlu Ekspansi Segera,Monitoring / tanpa ekspansi segera,No Immediate Supply Priority / Monitoring,Monitoring / no immediate supply expansion
3401040001,3,False,NONE,Penguatan Struktural / Jangka Panjang,Penguatan jangka panjang,Structural Development / Long-Term Enabling,Long-term enabling
3401040003,2,False,DIS,Prioritas Diagnostik Non-Terrain,Prioritas diagnostik,Non-Terrain / Diagnostic Priority,Diagnostic priority
3401040007,3,False,NONE,Penguatan Struktural / Jangka Panjang,Penguatan jangka panjang,Structural Development / Long-Term Enabling,Long-term enabling
3401040002,3,False,NONE,Penguatan Struktural / Jangka Panjang,Penguatan jangka panjang,Structural Development / Long-Term Enabling,Long-term enabling
3401040005,2,False,DIS,Prioritas Diagnostik Non-Terrain,Prioritas diagnostik,Non-Terrain / Diagnostic Priority,Diagnostic priority
3401050004,3,False,NONE,Penguatan Struktural / Jangka Panjang,Penguatan jangka panjang,Structural Development / Long-Term Enabling,Long-term enabling
3401050001,2,False,FFAS,Prioritas Diagnostik Non-Terrain,Prioritas diagnostik,Non-Terrain / Diagnostic Priority,Diagnostic priority
3401050006,3,False,NONE,Penguatan Struktural / Jangka Panjang,Penguatan jangka panjang,Structural Development / Long-Term Enabling,Long-term enabling
3401050003,4,False,NONE,Monitoring / Tidak Perlu Ekspansi Segera,Monitoring / tanpa ekspansi segera,No Immediate Supply Priority / Monitoring,Monitoring / no immediate supply expansion
3401050002,4,False,NONE,Monitoring / Tidak Perlu Ekspansi Segera,Monitoring / tanpa ekspansi segera,No Immediate Supply Priority / Monitoring,Monitoring / no immediate supply expansion
3401050005,4,False,NONE,Monitoring / Tidak Perlu Ekspansi Segera,Monitoring / tanpa ekspansi segera,No Immediate Supply Priority / Monitoring,Monitoring / no immediate supply expansion
3401060002,4,False,NONE,Monitoring / Tidak Perlu Ekspansi Segera,Monitoring / tanpa ekspansi segera,No Immediate Supply Priority / Monitoring,Monitoring / no immediate supply expansion
3401060005,4,False,NONE,Monitoring / Tidak Perlu Ekspansi Segera,Monitoring / tanpa ekspansi segera,No Immediate Supply Priority / Monitoring,Monitoring / no immediate supply expansion
3401060004,2,False,DIS,Prioritas Diagnostik Non-Terrain,Prioritas diagnostik,Non-Terrain / Diagnostic Priority,Diagnostic priority
3401060007,4,False,NONE,Monitoring / Tidak Perlu Ekspansi Segera,Monitoring / tanpa ekspansi segera,No Immediate Supply Priority / Monitoring,Monitoring / no immediate supply expansion
3401060003,4,False,NONE,Monitoring / Tidak Perlu Ekspansi Segera,Monitoring / tanpa ekspansi segera,No Immediate Supply Priority / Monitoring,Monitoring / no immediate supply expansion
3401060008,3,False,NONE,Penguatan Struktural / Jangka Panjang,Penguatan jangka panjang,Structural Development / Long-Term Enabling,Long-term enabling
3401060006,4,False,NONE,Monitoring / Tidak Perlu Ekspansi Segera,Monitoring / tanpa ekspansi segera,No Immediate Supply Priority / Monitoring,Monitoring / no immediate supply expansion
3401060001,4,False,NONE,Monitoring / Tidak Perlu Ekspansi Segera,Monitoring / tanpa ekspansi segera,No Immediate Supply Priority / Monitoring,Monitoring / no immediate supply expansion
3401070002,3,False,NONE,Penguatan Struktural / Jangka Panjang,Penguatan jangka panjang,Structural Development / Long-Term Enabling,Long-term enabling
3401070001,3,False,NONE,Penguatan Struktural / Jangka Panjang,Penguatan jangka panjang,Structural Development / Long-Term Enabling,Long-term enabling
3401070005,4,False,NONE,Monitoring / Tidak Perlu Ekspansi Segera,Monitoring / tanpa ekspansi segera,No Immediate Supply Priority / Monitoring,Monitoring / no immediate supply expansion
3401070003,3,False,NONE,Penguatan Struktural / Jangka Panjang,Penguatan jangka panjang,Structural Development / Long-Term Enabling,Long-term enabling
3401070006,3,False,NONE,Penguatan Struktural / Jangka Panjang,Penguatan jangka panjang,Structural Development / Long-Term Enabling,Long-term enabling
3401070004,4,False,NONE,Monitoring / Tidak Perlu Ekspansi Segera,Monitoring / tanpa ekspansi segera,No Immediate Supply Priority / Monitoring,Monitoring / no immediate supply expansion
3401070007,3,False,NONE,Penguatan Struktural / Jangka Panjang,Penguatan jangka panjang,Structural Development / Long-Term Enabling,Long-term enabling
3401080004,4,False,NONE,Monitoring / Tidak Perlu Ekspansi Segera,Monitoring / tanpa ekspansi segera,No Immediate Supply Priority / Monitoring,Monitoring / no immediate supply expansion
3401080001,3,False,NONE,Penguatan Struktural / Jangka Panjang,Penguatan jangka panjang,Structural Development / Long-Term Enabling,Long-term enabling
3401080002,4,False,NONE,Monitoring / Tidak Perlu Ekspansi Segera,Monitoring / tanpa ekspansi segera,No Immediate Supply Priority / Monitoring,Monitoring / no immediate supply expansion
3401080005,3,False,NONE,Penguatan Struktural / Jangka Panjang,Penguatan jangka panjang,Structural Development / Long-Term Enabling,Long-term enabling
3401080003,4,False,NONE,Monitoring / Tidak Perlu Ekspansi Segera,Monitoring / tanpa ekspansi segera,No Immediate Supply Priority / Monitoring,Monitoring / no immediate supply expansion
3401090003,3,False,NONE,Penguatan Struktural / Jangka Panjang,Penguatan jangka panjang,Structural Development / Long-Term Enabling,Long-term enabling
3401090004,3,False,NONE,Penguatan Struktural / Jangka Panjang,Penguatan jangka panjang,Structural Development / Long-Term Enabling,Long-term enabling
3401090002,3,False,NONE,Penguatan Struktural / Jangka Panjang,Penguatan jangka panjang,Structural Development / Long-Term Enabling,Long-term enabling
3401090001,4,False,NONE,Monitoring / Tidak Perlu Ekspansi Segera,Monitoring / tanpa ekspansi segera,No Immediate Supply Priority / Monitoring,Monitoring / no immediate supply expansion
3401100004,4,False,NONE,Monitoring / Tidak Perlu Ekspansi Segera,Monitoring / tanpa ekspansi segera,No Immediate Supply Priority / Monitoring,Monitoring / no immediate supply expansion
3401100006,3,False,NONE,Penguatan Struktural / Jangka Panjang,Penguatan jangka panjang,Structural Development / Long-Term Enabling,Long-term enabling
3401100003,4,False,NONE,Monitoring / Tidak Perlu Ekspansi Segera,Monitoring / tanpa ekspansi segera,No Immediate Supply Priority / Monitoring,Monitoring / no immediate supply expansion
3401100005,4,False,NONE,Monitoring / Tidak Perlu Ekspansi Segera,Monitoring / tanpa ekspansi segera,No Immediate Supply Priority / Monitoring,Monitoring / no immediate supply expansion
3401100001,3,False,NONE,Penguatan Struktural / Jangka Panjang,Penguatan jangka panjang,Structural Development / Long-Term Enabling,Long-term enabling
3401100002,4,False,NONE,Monitoring / Tidak Perlu Ekspansi Segera,Monitoring / tanpa ekspansi segera,No Immediate Supply Priority / Monitoring,Monitoring / no immediate supply expansion
3401120007,3,False,NONE,Penguatan Struktural / Jangka Panjang,Penguatan jangka panjang,Structural Development / Long-Term Enabling,Long-term enabling
3401120001,3,False,NONE,Penguatan Struktural / Jangka Panjang,Penguatan jangka panjang,Structural Development / Long-Term Enabling,Long-term enabling
3401120003,3,False,NONE,Penguatan Struktural / Jangka Panjang,Penguatan jangka panjang,Structural Development / Long-Term Enabling,Long-term enabling
3401120004,3,False,NONE,Penguatan Struktural / Jangka Panjang,Penguatan jangka panjang,Structural Development / Long-Term Enabling,Long-term enabling
3401120006,3,False,NONE,Penguatan Struktural / Jangka Panjang,Penguatan jangka panjang,Structural Development / Long-Term Enabling,Long-term enabling
3401120002,3,False,NONE,Penguatan Struktural / Jangka Panjang,Penguatan jangka panjang,Structural Development / Long-Term Enabling,Long-term enabling
3401120005,3,False,NONE,Penguatan Struktural / Jangka Panjang,Penguatan jangka panjang,Structural Development / Long-Term Enabling,Long-term enabling
3401110001,4,False,NONE,Monitoring / Tidak Perlu Ekspansi Segera,Monitoring / tanpa ekspansi segera,No Immediate Supply Priority / Monitoring,Monitoring / no immediate supply expansion
3401110002,3,False,NONE,Penguatan Struktural / Jangka Panjang,Penguatan jangka panjang,Structural Development / Long-Term Enabling,Long-term enabling
3401110003,3,False,NONE,Penguatan Struktural / Jangka Panjang,Penguatan jangka panjang,Structural Development / Long-Term Enabling,Long-term enabling
3401110004,4,False,NONE,Monitoring / Tidak Perlu Ekspansi Segera,Monitoring / tanpa ekspansi segera,No Immediate Supply Priority / Monitoring,Monitoring / no immediate supply expansion
3404050002,4,False,NONE,Monitoring / Tidak Perlu Ekspansi Segera,Monitoring / tanpa ekspansi segera,No Immediate Supply Priority / Monitoring,Monitoring / no immediate supply expansion
3404050001,4,False,NONE,Monitoring / Tidak Perlu Ekspansi Segera,Monitoring / tanpa ekspansi segera,No Immediate Supply Priority / Monitoring,Monitoring / no immediate supply expansion
3404050005,4,False,NONE,Monitoring / Tidak Perlu Ekspansi Segera,Monitoring / tanpa ekspansi segera,No Immediate Supply Priority / Monitoring,Monitoring / no immediate supply expansion
3404050003,4,False,NONE,Monitoring / Tidak Perlu Ekspansi Segera,Monitoring / tanpa ekspansi segera,No Immediate Supply Priority / Monitoring,Monitoring / no immediate supply expansion
3404050004,4,False,NONE,Monitoring / Tidak Perlu Ekspansi Segera,Monitoring / tanpa ekspansi segera,No Immediate Supply Priority / Monitoring,Monitoring / no immediate supply expansion
3404040005,2,False,DIS,Prioritas Diagnostik Non-Terrain,Prioritas diagnostik,Non-Terrain / Diagnostic Priority,Diagnostic priority
3404040002,4,False,NONE,Monitoring / Tidak Perlu Ekspansi Segera,Monitoring / tanpa ekspansi segera,No Immediate Supply Priority / Monitoring,Monitoring / no immediate supply expansion
3404040007,2,False,FFAS,Prioritas Diagnostik Non-Terrain,Prioritas diagnostik,Non-Terrain / Diagnostic Priority,Diagnostic priority
3404040003,3,False,NONE,Penguatan Struktural / Jangka Panjang,Penguatan jangka panjang,Structural Development / Long-Term Enabling,Long-term enabling
3404040001,3,False,NONE,Penguatan Struktural / Jangka Panjang,Penguatan jangka panjang,Structural Development / Long-Term Enabling,Long-term enabling
3404040004,4,False,NONE,Monitoring / Tidak Perlu Ekspansi Segera,Monitoring / tanpa ekspansi segera,No Immediate Supply Priority / Monitoring,Monitoring / no immediate supply expansion
3404040006,4,False,NONE,Monitoring / Tidak Perlu Ekspansi Segera,Monitoring / tanpa ekspansi segera,No Immediate Supply Priority / Monitoring,Monitoring / no immediate supply expansion
3404010003,4,False,NONE,Monitoring / Tidak Perlu Ekspansi Segera,Monitoring / tanpa ekspansi segera,No Immediate Supply Priority / Monitoring,Monitoring / no immediate supply expansion
3404010004,3,False,NONE,Penguatan Struktural / Jangka Panjang,Penguatan jangka panjang,Structural Development / Long-Term Enabling,Long-term enabling
3404010001,3,False,NONE,Penguatan Struktural / Jangka Panjang,Penguatan jangka panjang,Structural Development / Long-Term Enabling,Long-term enabling
3404010002,3,False,NONE,Penguatan Struktural / Jangka Panjang,Penguatan jangka panjang,Structural Development / Long-Term Enabling,Long-term enabling
3404020005,3,False,NONE,Penguatan Struktural / Jangka Panjang,Penguatan jangka panjang,Structural Development / Long-Term Enabling,Long-term enabling
3404020002,3,False,NONE,Penguatan Struktural / Jangka Panjang,Penguatan jangka panjang,Structural Development / Long-Term Enabling,Long-term enabling
3404020001,3,False,NONE,Penguatan Struktural / Jangka Panjang,Penguatan jangka panjang,Structural Development / Long-Term Enabling,Long-term enabling
3404020003,4,False,NONE,Monitoring / Tidak Perlu Ekspansi Segera,Monitoring / tanpa ekspansi segera,No Immediate Supply Priority / Monitoring,Monitoring / no immediate supply expansion
3404020004,3,False,NONE,Penguatan Struktural / Jangka Panjang,Penguatan jangka panjang,Structural Development / Long-Term Enabling,Long-term enabling
3404030004,3,False,NONE,Penguatan Struktural / Jangka Panjang,Penguatan jangka panjang,Structural Development / Long-Term Enabling,Long-term enabling
3404030002,3,False,NONE,Penguatan Struktural / Jangka Panjang,Penguatan jangka panjang,Structural Development / Long-Term Enabling,Long-term enabling
3404030003,4,False,NONE,Monitoring / Tidak Perlu Ekspansi Segera,Monitoring / tanpa ekspansi segera,No Immediate Supply Priority / Monitoring,Monitoring / no immediate supply expansion
3404030001,3,False,NONE,Penguatan Struktural / Jangka Panjang,Penguatan jangka panjang,Structural Development / Long-Term Enabling,Long-term enabling
3404030005,3,False,NONE,Penguatan Struktural / Jangka Panjang,Penguatan jangka panjang,Structural Development / Long-Term Enabling,Long-term enabling
3404060005,4,False,NONE,Monitoring / Tidak Perlu Ekspansi Segera,Monitoring / tanpa ekspansi segera,No Immediate Supply Priority / Monitoring,Monitoring / no immediate supply expansion
3404060002,4,False,NONE,Monitoring / Tidak Perlu Ekspansi Segera,Monitoring / tanpa ekspansi segera,No Immediate Supply Priority / Monitoring,Monitoring / no immediate supply expansion
3404060001,1,True,BOTH,Prioritas Pasokan Ganda,Prioritas pasokan tinggi,Dual Supply Priority,High supply priority
3404060003,4,False,NONE,Monitoring / Tidak Perlu Ekspansi Segera,Monitoring / tanpa ekspansi segera,No Immediate Supply Priority / Monitoring,Monitoring / no immediate supply expansion
3404060004,4,False,NONE,Monitoring / Tidak Perlu Ekspansi Segera,Monitoring / tanpa ekspansi segera,No Immediate Supply Priority / Monitoring,Monitoring / no immediate supply expansion
3404070001,4,False,NONE,Monitoring / Tidak Perlu Ekspansi Segera,Monitoring / tanpa ekspansi segera,No Immediate Supply Priority / Monitoring,Monitoring / no immediate supply expansion
3404070003,4,False,NONE,Monitoring / Tidak Perlu Ekspansi Segera,Monitoring / tanpa ekspansi segera,No Immediate Supply Priority / Monitoring,Monitoring / no immediate supply expansion
3404070002,4,False,NONE,Monitoring / Tidak Perlu Ekspansi Segera,Monitoring / tanpa ekspansi segera,No Immediate Supply Priority / Monitoring,Monitoring / no immediate supply expansion
3404080002,4,False,NONE,Monitoring / Tidak Perlu Ekspansi Segera,Monitoring / tanpa ekspansi segera,No Immediate Supply Priority / Monitoring,Monitoring / no immediate supply expansion
3404080003,3,False,NONE,Penguatan Struktural / Jangka Panjang,Penguatan jangka panjang,Structural Development / Long-Term Enabling,Long-term enabling
3404080004,2,False,FFAS,Prioritas Diagnostik Non-Terrain,Prioritas diagnostik,Non-Terrain / Diagnostic Priority,Diagnostic priority
3404080001,4,False,NONE,Monitoring / Tidak Perlu Ekspansi Segera,Monitoring / tanpa ekspansi segera,No Immediate Supply Priority / Monitoring,Monitoring / no immediate supply expansion
3404090001,4,False,NONE,Monitoring / Tidak Perlu Ekspansi Segera,Monitoring / tanpa ekspansi segera,No Immediate Supply Priority / Monitoring,Monitoring / no immediate supply expansion
3404090002,3,False,NONE,Penguatan Struktural / Jangka Panjang,Penguatan jangka panjang,Structural Development / Long-Term Enabling,Long-term enabling
3404090006,4,False,NONE,Monitoring / Tidak Perlu Ekspansi Segera,Monitoring / tanpa ekspansi segera,No Immediate Supply Priority / Monitoring,Monitoring / no immediate supply expansion
3404090003,3,False,NONE,Penguatan Struktural / Jangka Panjang,Penguatan jangka panjang,Structural Development / Long-Term Enabling,Long-term enabling
3404090005,2,False,FFAS,Prioritas Diagnostik Non-Terrain,Prioritas diagnostik,Non-Terrain / Diagnostic Priority,Diagnostic priority
3404090004,3,False,NONE,Penguatan Struktural / Jangka Panjang,Penguatan jangka panjang,Structural Development / Long-Term Enabling,Long-term enabling
3404100003,4,False,NONE,Monitoring / Tidak Perlu Ekspansi Segera,Monitoring / tanpa ekspansi segera,No Immediate Supply Priority / Monitoring,Monitoring / no immediate supply expansion
3404100002,4,False,NONE,Monitoring / Tidak Perlu Ekspansi Segera,Monitoring / tanpa ekspansi segera,No Immediate Supply Priority / Monitoring,Monitoring / no immediate supply expansion
3404100001,4,False,NONE,Monitoring / Tidak Perlu Ekspansi Segera,Monitoring / tanpa ekspansi segera,No Immediate Supply Priority / Monitoring,Monitoring / no immediate supply expansion
3404100004,3,False,NONE,Penguatan Struktural / Jangka Panjang,Penguatan jangka panjang,Structural Development / Long-Term Enabling,Long-term enabling
3404110005,4,False,NONE,Monitoring / Tidak Perlu Ekspansi Segera,Monitoring / tanpa ekspansi segera,No Immediate Supply Priority / Monitoring,Monitoring / no immediate supply expansion
3404110002,4,False,NONE,Monitoring / Tidak Perlu Ekspansi Segera,Monitoring / tanpa ekspansi segera,No Immediate Supply Priority / Monitoring,Monitoring / no immediate supply expansion
3404110001,2,False,FFAS,Prioritas Diagnostik Non-Terrain,Prioritas diagnostik,Non-Terrain / Diagnostic Priority,Diagnostic priority
3404110003,4,False,NONE,Monitoring / Tidak Perlu Ekspansi Segera,Monitoring / tanpa ekspansi segera,No Immediate Supply Priority / Monitoring,Monitoring / no immediate supply expansion
3404110004,3,False,NONE,Penguatan Struktural / Jangka Panjang,Penguatan jangka panjang,Structural Development / Long-Term Enabling,Long-term enabling
3404120002,4,False,NONE,Monitoring / Tidak Perlu Ekspansi Segera,Monitoring / tanpa ekspansi segera,No Immediate Supply Priority / Monitoring,Monitoring / no immediate supply expansion
3404120004,4,False,NONE,Monitoring / Tidak Perlu Ekspansi Segera,Monitoring / tanpa ekspansi segera,No Immediate Supply Priority / Monitoring,Monitoring / no immediate supply expansion
3404120006,3,False,NONE,Penguatan Struktural / Jangka Panjang,Penguatan jangka panjang,Structural Development / Long-Term Enabling,Long-term enabling
3404120003,2,False,FFAS,Prioritas Diagnostik Non-Terrain,Prioritas diagnostik,Non-Terrain / Diagnostic Priority,Diagnostic priority
3404120005,4,False,NONE,Monitoring / Tidak Perlu Ekspansi Segera,Monitoring / tanpa ekspansi segera,No Immediate Supply Priority / Monitoring,Monitoring / no immediate supply expansion
3404120001,4,False,NONE,Monitoring / Tidak Perlu Ekspansi Segera,Monitoring / tanpa ekspansi segera,No Immediate Supply Priority / Monitoring,Monitoring / no immediate supply expansion
3404130003,4,False,NONE,Monitoring / Tidak Perlu Ekspansi Segera,Monitoring / tanpa ekspansi segera,No Immediate Supply Priority / Monitoring,Monitoring / no immediate supply expansion
3404130002,4,False,NONE,Monitoring / Tidak Perlu Ekspansi Segera,Monitoring / tanpa ekspansi segera,No Immediate Supply Priority / Monitoring,Monitoring / no immediate supply expansion
3404130005,3,False,NONE,Penguatan Struktural / Jangka Panjang,Penguatan jangka panjang,Structural Development / Long-Term Enabling,Long-term enabling
3404130001,4,False,NONE,Monitoring / Tidak Perlu Ekspansi Segera,Monitoring / tanpa ekspansi segera,No Immediate Supply Priority / Monitoring,Monitoring / no immediate supply expansion
3404130004,4,False,NONE,Monitoring / Tidak Perlu Ekspansi Segera,Monitoring / tanpa ekspansi segera,No Immediate Supply Priority / Monitoring,Monitoring / no immediate supply expansion
3404140003,3,False,NONE,Penguatan Struktural / Jangka Panjang,Penguatan jangka panjang,Structural Development / Long-Term Enabling,Long-term enabling
3404140002,3,False,NONE,Penguatan Struktural / Jangka Panjang,Penguatan jangka panjang,Structural Development / Long-Term Enabling,Long-term enabling
3404140001,3,False,NONE,Penguatan Struktural / Jangka Panjang,Penguatan jangka panjang,Structural Development / Long-Term Enabling,Long-term enabling
3404140007,4,False,NONE,Monitoring / Tidak Perlu Ekspansi Segera,Monitoring / tanpa ekspansi segera,No Immediate Supply Priority / Monitoring,Monitoring / no immediate supply expansion
3404140006,3,False,NONE,Penguatan Struktural / Jangka Panjang,Penguatan jangka panjang,Structural Development / Long-Term Enabling,Long-term enabling
3404140008,3,False,NONE,Penguatan Struktural / Jangka Panjang,Penguatan jangka panjang,Structural Development / Long-Term Enabling,Long-term enabling
3404140005,3,False,NONE,Penguatan Struktural / Jangka Panjang,Penguatan jangka panjang,Structural Development / Long-Term Enabling,Long-term enabling
3404140004,3,False,NONE,Penguatan Struktural / Jangka Panjang,Penguatan jangka panjang,Structural Development / Long-Term Enabling,Long-term enabling
3404150001,3,False,NONE,Penguatan Struktural / Jangka Panjang,Penguatan jangka panjang,Structural Development / Long-Term Enabling,Long-term enabling
3404150004,4,False,NONE,Monitoring / Tidak Perlu Ekspansi Segera,Monitoring / tanpa ekspansi segera,No Immediate Supply Priority / Monitoring,Monitoring / no immediate supply expansion
3404150002,4,False,NONE,Monitoring / Tidak Perlu Ekspansi Segera,Monitoring / tanpa ekspansi segera,No Immediate Supply Priority / Monitoring,Monitoring / no immediate supply expansion
3404150003,3,False,NONE,Penguatan Struktural / Jangka Panjang,Penguatan jangka panjang,Structural Development / Long-Term Enabling,Long-term enabling
3404160002,3,False,NONE,Penguatan Struktural / Jangka Panjang,Penguatan jangka panjang,Structural Development / Long-Term Enabling,Long-term enabling
3404160005,4,False,NONE,Monitoring / Tidak Perlu Ekspansi Segera,Monitoring / tanpa ekspansi segera,No Immediate Supply Priority / Monitoring,Monitoring / no immediate supply expansion
3404160003,3,False,NONE,Penguatan Struktural / Jangka Panjang,Penguatan jangka panjang,Structural Development / Long-Term Enabling,Long-term enabling
3404160004,4,False,NONE,Monitoring / Tidak Perlu Ekspansi Segera,Monitoring / tanpa ekspansi segera,No Immediate Supply Priority / Monitoring,Monitoring / no immediate supply expansion
3404160001,3,False,NONE,Penguatan Struktural / Jangka Panjang,Penguatan jangka panjang,Structural Development / Long-Term Enabling,Long-term enabling
3404170002,4,False,NONE,Monitoring / Tidak Perlu Ekspansi Segera,Monitoring / tanpa ekspansi segera,No Immediate Supply Priority / Monitoring,Monitoring / no immediate supply expansion
3404170005,3,False,NONE,Penguatan Struktural / Jangka Panjang,Penguatan jangka panjang,Structural Development / Long-Term Enabling,Long-term enabling
3404170003,3,False,NONE,Penguatan Struktural / Jangka Panjang,Penguatan jangka panjang,Structural Development / Long-Term Enabling,Long-term enabling
3404170004,3,False,NONE,Penguatan Struktural / Jangka Panjang,Penguatan jangka panjang,Structural Development / Long-Term Enabling,Long-term enabling
3404170001,3,False,NONE,Penguatan Struktural / Jangka Panjang,Penguatan jangka panjang,Structural Development / Long-Term Enabling,Long-term enabling
